id_venta,id_cliente,id_producto,producto_nombre,categoria,cantidad,precio_unitario,importe_total,fecha_venta,metodo_pago,estado,descuento_aplicado
357,3,11,Camiseta,Ropa,1,172.58,172.58,2025-02-24,Efectivo,Completada,False
11,41,20,Raqueta,Deportes,2,226.05,452.1,2025-02-25,Tarjeta,Devuelta,False
196,199,8,Silla,Hogar,1,224.5,224.5,2025-02-25,Efectivo,Cancelada,False
468,174,2,Laptop,Electrónica,3,1138.17,3414.51,2025-02-26,Tarjeta,Completada,False
794,136,18,Esterilla,Deportes,1,88.26,88.26,2025-02-26,Efectivo,Completada,False
951,42,19,Balón,Deportes,2,85.13,170.26,2025-02-26,Tarjeta,Completada,False
32,92,12,Pantalón,Ropa,2,145.78,291.56,2025-02-27,Tarjeta,Completada,False
611,194,24,Cómic,Libros,1,17.09,17.09,2025-02-27,Tarjeta,Completada,True
813,88,25,Revista,Libros,1,84.65,84.65,2025-02-27,Tarjeta,Completada,False
450,158,4,Auriculares,Electrónica,1,243.49,243.49,2025-02-27,Tarjeta,Completada,False
553,146,18,Esterilla,Deportes,2,88.26,176.52,2025-02-27,Efectivo,Completada,False
225,183,2,Laptop,Electrónica,5,1138.17,5690.85,2025-02-27,Tarjeta,Completada,False
226,194,5,Smartwatch,Electrónica,4,1349.05,5396.2,2025-02-28,Tarjeta,Completada,True
636,141,18,Esterilla,Deportes,1,88.26,88.26,2025-02-28,Efectivo,Completada,False
678,131,10,Estantería,Hogar,2,587.01,1174.02,2025-02-28,Efectivo,Completada,False
892,86,18,Esterilla,Deportes,3,88.26,264.78,2025-03-01,Efectivo,Completada,True
371,39,4,Auriculares,Electrónica,1,243.49,243.49,2025-03-02,Tarjeta,Completada,False
427,142,15,Zapatos,Ropa,1,215.48,215.48,2025-03-02,Efectivo,Completada,False
774,112,25,Revista,Libros,2,84.65,169.3,2025-03-03,Transferencia,Cancelada,False
214,91,10,Estantería,Hogar,2,587.01,1174.02,2025-03-03,Tarjeta,Completada,False
955,177,3,Tablet,Electrónica,2,412.5,825.0,2025-03-04,Tarjeta,Completada,False
725,78,20,Raqueta,Deportes,1,226.05,226.05,2025-03-04,Tarjeta,Devuelta,False
43,12,14,Chaqueta,Ropa,2,232.47,464.94,2025-03-05,Tarjeta,Completada,False
706,200,6,Sofá,Hogar,1,492.87,492.87,2025-03-05,Efectivo,Completada,False
406,9,10,Estantería,Hogar,1,587.01,587.01,2025-03-06,Tarjeta,Cancelada,True
391,88,2,Laptop,Electrónica,1,1138.17,1138.17,2025-03-07,Tarjeta,Completada,False
973,53,3,Tablet,Electrónica,3,412.5,1237.5,2025-03-07,Transferencia,Completada,False
824,121,17,Pesas,Deportes,1,575.61,575.61,2025-03-08,Efectivo,Pendiente,False
149,189,21,Novela,Libros,5,82.64,413.2,2025-03-09,Tarjeta,Completada,False
439,143,19,Balón,Deportes,1,85.13,85.13,2025-03-10,Tarjeta,Pendiente,False
498,97,20,Raqueta,Deportes,1,226.05,226.05,2025-03-10,Transferencia,Pendiente,False
814,154,20,Raqueta,Deportes,2,226.05,452.1,2025-03-10,Transferencia,Completada,False
126,153,2,Laptop,Electrónica,3,1138.17,3414.51,2025-03-10,Tarjeta,Cancelada,False
376,109,16,Bicicleta,Deportes,1,188.39,188.39,2025-03-11,Tarjeta,Completada,False
105,185,6,Sofá,Hogar,1,492.87,492.87,2025-03-11,Tarjeta,Completada,False
710,37,6,Sofá,Hogar,1,492.87,492.87,2025-03-12,Tarjeta,Completada,True
294,61,10,Estantería,Hogar,1,587.01,587.01,2025-03-12,Tarjeta,Completada,False
440,16,8,Silla,Hogar,1,224.5,224.5,2025-03-12,Tarjeta,Pendiente,False
671,47,1,Smartphone,Electrónica,1,995.2,995.2,2025-03-13,Efectivo,Pendiente,False
894,70,7,Mesa,Hogar,4,72.35,289.4,2025-03-13,Tarjeta,Completada,False
919,64,3,Tablet,Electrónica,2,412.5,825.0,2025-03-14,Efectivo,Completada,True
267,115,18,Esterilla,Deportes,3,88.26,264.78,2025-03-14,Efectivo,Completada,False
927,68,19,Balón,Deportes,1,85.13,85.13,2025-03-16,Tarjeta,Completada,False
549,170,8,Silla,Hogar,1,224.5,224.5,2025-03-16,Efectivo,Completada,False
542,194,5,Smartwatch,Electrónica,3,1349.05,4047.15,2025-03-16,Tarjeta,Completada,True
962,128,20,Raqueta,Deportes,2,226.05,452.1,2025-03-16,Tarjeta,Completada,False
757,195,1,Smartphone,Electrónica,2,995.2,1990.4,2025-03-16,Tarjeta,Completada,False
424,54,5,Smartwatch,Electrónica,1,1349.05,1349.05,2025-03-17,Tarjeta,Devuelta,False
777,111,25,Revista,Libros,2,84.65,169.3,2025-03-17,Efectivo,Completada,False
917,92,24,Cómic,Libros,5,17.09,85.45,2025-03-17,Tarjeta,Completada,False
565,40,4,Auriculares,Electrónica,3,243.49,730.47,2025-03-17,Tarjeta,Completada,False
277,19,10,Estantería,Hogar,5,587.01,2935.05,2025-03-18,Transferencia,Completada,False
925,59,25,Revista,Libros,1,84.65,84.65,2025-03-19,Tarjeta,Completada,False
587,129,15,Zapatos,Ropa,1,215.48,215.48,2025-03-19,Tarjeta,Completada,False
237,130,9,Lámpara,Hogar,2,69.9,139.8,2025-03-19,Transferencia,Completada,False
515,192,4,Auriculares,Electrónica,2,243.49,486.98,2025-03-19,Transferencia,Completada,False
520,2,17,Pesas,Deportes,1,575.61,575.61,2025-03-20,Tarjeta,Completada,False
655,152,19,Balón,Deportes,3,85.13,255.39,2025-03-20,Tarjeta,Completada,True
312,93,22,Ensayo,Libros,5,51.35,256.75,2025-03-20,Tarjeta,Completada,False
375,12,15,Zapatos,Ropa,1,215.48,215.48,2025-03-21,Tarjeta,Completada,False
133,40,4,Auriculares,Electrónica,3,243.49,730.47,2025-03-21,Tarjeta,Completada,False
619,188,23,Manual,Libros,1,97.58,97.58,2025-03-22,Tarjeta,Cancelada,True
316,178,6,Sofá,Hogar,1,492.87,492.87,2025-03-22,Tarjeta,Completada,False
351,137,22,Ensayo,Libros,4,51.35,205.4,2025-03-22,Tarjeta,Completada,False
212,198,7,Mesa,Hogar,5,72.35,361.75,2025-03-22,Tarjeta,Completada,False
465,82,14,Chaqueta,Ropa,1,232.47,232.47,2025-03-23,Transferencia,Completada,False
966,116,9,Lámpara,Hogar,1,69.9,69.9,2025-03-23,Tarjeta,Completada,False
735,173,13,Vestido,Ropa,5,246.64,1233.2,2025-03-23,Tarjeta,Completada,False
935,58,9,Lámpara,Hogar,3,69.9,209.7,2025-03-23,Tarjeta,Completada,False
463,34,16,Bicicleta,Deportes,1,188.39,188.39,2025-03-23,Transferencia,Completada,False
329,81,21,Novela,Libros,1,82.64,82.64,2025-03-23,Efectivo,Completada,False
291,123,20,Raqueta,Deportes,4,226.05,904.2,2025-03-23,Transferencia,Cancelada,False
504,151,20,Raqueta,Deportes,4,226.05,904.2,2025-03-23,Tarjeta,Cancelada,False
202,60,25,Revista,Libros,1,84.65,84.65,2025-03-24,Tarjeta,Devuelta,False
121,118,17,Pesas,Deportes,2,575.61,1151.22,2025-03-24,Transferencia,Completada,False
910,83,13,Vestido,Ropa,1,246.64,246.64,2025-03-24,Efectivo,Cancelada,True
54,76,19,Balón,Deportes,1,85.13,85.13,2025-03-24,Tarjeta,Completada,False
597,155,5,Smartwatch,Electrónica,3,1349.05,4047.15,2025-03-24,Tarjeta,Pendiente,False
234,150,16,Bicicleta,Deportes,1,188.39,188.39,2025-03-24,Efectivo,Completada,True
188,139,15,Zapatos,Ropa,2,215.48,430.96,2025-03-24,Tarjeta,Completada,False
715,101,23,Manual,Libros,2,97.58,195.16,2025-03-25,Transferencia,Completada,True
224,147,21,Novela,Libros,1,82.64,82.64,2025-03-26,Tarjeta,Completada,True
496,191,24,Cómic,Libros,3,17.09,51.27,2025-03-26,PayPal,Completada,False
191,18,18,Esterilla,Deportes,1,88.26,88.26,2025-03-26,Transferencia,Completada,False
699,172,2,Laptop,Electrónica,1,1138.17,1138.17,2025-03-26,Tarjeta,Completada,False
154,165,16,Bicicleta,Deportes,1,188.39,188.39,2025-03-27,Efectivo,Completada,False
344,75,17,Pesas,Deportes,1,575.61,575.61,2025-03-28,Tarjeta,Cancelada,False
707,88,24,Cómic,Libros,2,17.09,34.18,2025-03-28,Efectivo,Completada,False
338,186,21,Novela,Libros,1,82.64,82.64,2025-03-29,Tarjeta,Completada,False
200,66,7,Mesa,Hogar,2,72.35,144.7,2025-03-30,Tarjeta,Completada,False
753,179,1,Smartphone,Electrónica,1,995.2,995.2,2025-03-30,Tarjeta,Completada,False
106,9,5,Smartwatch,Electrónica,1,1349.05,1349.05,2025-03-30,Tarjeta,Completada,False
683,113,7,Mesa,Hogar,1,72.35,72.35,2025-03-31,Tarjeta,Completada,False
862,38,1,Smartphone,Electrónica,2,995.2,1990.4,2025-04-01,Efectivo,Completada,False
904,9,3,Tablet,Electrónica,2,412.5,825.0,2025-04-01,Tarjeta,Completada,False
555,119,21,Novela,Libros,1,82.64,82.64,2025-04-01,Efectivo,Completada,False
243,119,8,Silla,Hogar,4,224.5,898.0,2025-04-03,Tarjeta,Completada,False
578,172,3,Tablet,Electrónica,2,412.5,825.0,2025-04-03,Transferencia,Completada,False
373,159,9,Lámpara,Hogar,2,69.9,139.8,2025-04-03,Tarjeta,Completada,False
108,121,25,Revista,Libros,1,84.65,84.65,2025-04-04,Tarjeta,Completada,False
255,82,16,Bicicleta,Deportes,5,188.39,941.95,2025-04-04,Tarjeta,Cancelada,False
716,20,10,Estantería,Hogar,2,587.01,1174.02,2025-04-04,Transferencia,Cancelada,True
69,39,5,Smartwatch,Electrónica,1,1349.05,1349.05,2025-04-04,Tarjeta,Completada,False
730,154,7,Mesa,Hogar,2,72.35,144.7,2025-04-04,Efectivo,Completada,False
870,128,17,Pesas,Deportes,1,575.61,575.61,2025-04-05,Tarjeta,Completada,False
621,61,12,Pantalón,Ropa,3,145.78,437.34,2025-04-05,Efectivo,Completada,False
242,189,24,Cómic,Libros,1,17.09,17.09,2025-04-05,Tarjeta,Cancelada,True
211,90,21,Novela,Libros,2,82.64,165.28,2025-04-05,Transferencia,Completada,True
36,14,22,Ensayo,Libros,1,51.35,51.35,2025-04-06,Tarjeta,Completada,False
467,196,6,Sofá,Hogar,1,492.87,492.87,2025-04-06,Tarjeta,Completada,False
911,145,11,Camiseta,Ropa,2,172.58,345.16,2025-04-06,Transferencia,Completada,False
194,104,13,Vestido,Ropa,1,246.64,246.64,2025-04-06,Efectivo,Completada,False
100,141,9,Lámpara,Hogar,2,69.9,139.8,2025-04-07,Efectivo,Completada,False
247,195,3,Tablet,Electrónica,2,412.5,825.0,2025-04-07,Tarjeta,Completada,False
877,79,16,Bicicleta,Deportes,3,188.39,565.17,2025-04-07,Tarjeta,Completada,False
78,35,10,Estantería,Hogar,1,587.01,587.01,2025-04-07,Efectivo,Completada,False
669,168,5,Smartwatch,Electrónica,5,1349.05,6745.25,2025-04-08,Efectivo,Pendiente,False
35,154,20,Raqueta,Deportes,2,226.05,452.1,2025-04-08,Transferencia,Completada,False
65,161,23,Manual,Libros,1,97.58,97.58,2025-04-08,Tarjeta,Completada,False
287,167,19,Balón,Deportes,2,85.13,170.26,2025-04-08,Efectivo,Completada,False
556,90,2,Laptop,Electrónica,1,1138.17,1138.17,2025-04-09,Tarjeta,Completada,False
948,150,8,Silla,Hogar,1,224.5,224.5,2025-04-09,Tarjeta,Completada,False
991,185,22,Ensayo,Libros,2,51.35,102.7,2025-04-09,PayPal,Completada,False
436,163,21,Novela,Libros,1,82.64,82.64,2025-04-10,Tarjeta,Completada,False
168,177,2,Laptop,Electrónica,3,1138.17,3414.51,2025-04-10,Efectivo,Completada,False
932,136,20,Raqueta,Deportes,4,226.05,904.2,2025-04-10,Efectivo,Completada,False
756,161,18,Esterilla,Deportes,1,88.26,88.26,2025-04-10,Tarjeta,Completada,False
24,130,3,Tablet,Electrónica,2,412.5,825.0,2025-04-11,Transferencia,Completada,True
368,89,5,Smartwatch,Electrónica,4,1349.05,5396.2,2025-04-11,Efectivo,Cancelada,False
79,41,14,Chaqueta,Ropa,1,232.47,232.47,2025-04-11,Transferencia,Completada,False
374,121,5,Smartwatch,Electrónica,1,1349.05,1349.05,2025-04-12,Transferencia,Completada,False
251,96,18,Esterilla,Deportes,1,88.26,88.26,2025-04-12,Tarjeta,Completada,False
921,14,10,Estantería,Hogar,1,587.01,587.01,2025-04-14,Tarjeta,Completada,False
142,34,5,Smartwatch,Electrónica,4,1349.05,5396.2,2025-04-14,Tarjeta,Completada,False
604,42,20,Raqueta,Deportes,1,226.05,226.05,2025-04-14,Tarjeta,Pendiente,False
2,135,4,Auriculares,Electrónica,3,243.49,730.47,2025-04-14,Tarjeta,Completada,False
230,49,4,Auriculares,Electrónica,1,243.49,243.49,2025-04-14,Tarjeta,Completada,False
839,191,15,Zapatos,Ropa,4,215.48,861.92,2025-04-14,Tarjeta,Completada,False
271,31,1,Smartphone,Electrónica,3,995.2,2985.6,2025-04-15,Tarjeta,Completada,False
489,21,24,Cómic,Libros,2,17.09,34.18,2025-04-16,Transferencia,Completada,False
393,109,19,Balón,Deportes,1,85.13,85.13,2025-04-16,Tarjeta,Completada,False
165,64,2,Laptop,Electrónica,1,1138.17,1138.17,2025-04-16,Tarjeta,Completada,False
571,179,8,Silla,Hogar,2,224.5,449.0,2025-04-16,Tarjeta,Completada,False
283,18,19,Balón,Deportes,1,85.13,85.13,2025-04-17,Efectivo,Completada,False
667,46,13,Vestido,Ropa,1,246.64,246.64,2025-04-17,Tarjeta,Cancelada,False
399,175,19,Balón,Deportes,2,85.13,170.26,2025-04-18,Transferencia,Completada,False
893,29,17,Pesas,Deportes,1,575.61,575.61,2025-04-18,Efectivo,Completada,False
938,124,2,Laptop,Electrónica,1,1138.17,1138.17,2025-04-18,Efectivo,Pendiente,False
516,197,14,Chaqueta,Ropa,2,232.47,464.94,2025-04-19,Tarjeta,Completada,False
913,191,13,Vestido,Ropa,3,246.64,739.92,2025-04-19,Efectivo,Completada,True
835,184,2,Laptop,Electrónica,3,1138.17,3414.51,2025-04-19,Tarjeta,Completada,False
15,140,19,Balón,Deportes,2,85.13,170.26,2025-04-20,Tarjeta,Completada,False
754,180,12,Pantalón,Ropa,2,145.78,291.56,2025-04-20,Tarjeta,Pendiente,False
779,10,17,Pesas,Deportes,1,575.61,575.61,2025-04-20,Tarjeta,Completada,True
480,14,22,Ensayo,Libros,2,51.35,102.7,2025-04-20,Efectivo,Completada,False
85,144,14,Chaqueta,Ropa,1,232.47,232.47,2025-04-21,Efectivo,Completada,False
858,152,12,Pantalón,Ropa,5,145.78,728.9,2025-04-21,Transferencia,Pendiente,False
941,63,25,Revista,Libros,2,84.65,169.3,2025-04-21,Tarjeta,Completada,False
987,92,23,Manual,Libros,3,97.58,292.74,2025-04-22,Efectivo,Pendiente,False
868,193,12,Pantalón,Ropa,2,145.78,291.56,2025-04-22,Tarjeta,Cancelada,True
14,115,17,Pesas,Deportes,2,575.61,1151.22,2025-04-23,Efectivo,Completada,False
29,151,12,Pantalón,Ropa,3,145.78,437.34,2025-04-23,Efectivo,Completada,False
568,70,7,Mesa,Hogar,1,72.35,72.35,2025-04-23,Tarjeta,Completada,False
788,35,3,Tablet,Electrónica,2,412.5,825.0,2025-04-23,Efectivo,Completada,True
284,55,15,Zapatos,Ropa,2,215.48,430.96,2025-04-23,Tarjeta,Pendiente,False
187,142,15,Zapatos,Ropa,3,215.48,646.44,2025-04-24,Efectivo,Completada,False
631,81,11,Camiseta,Ropa,2,172.58,345.16,2025-04-24,Transferencia,Cancelada,False
884,73,25,Revista,Libros,2,84.65,169.3,2025-04-24,Tarjeta,Completada,False
831,120,22,Ensayo,Libros,1,51.35,51.35,2025-04-25,Tarjeta,Completada,False
195,179,12,Pantalón,Ropa,1,145.78,145.78,2025-04-25,Tarjeta,Completada,False
343,74,24,Cómic,Libros,1,17.09,17.09,2025-04-25,Efectivo,Completada,False
605,145,17,Pesas,Deportes,3,575.61,1726.83,2025-04-25,Tarjeta,Completada,False
319,191,11,Camiseta,Ropa,2,172.58,345.16,2025-04-26,PayPal,Completada,False
983,145,10,Estantería,Hogar,1,587.01,587.01,2025-04-27,Transferencia,Completada,False
325,39,25,Revista,Libros,1,84.65,84.65,2025-04-28,Tarjeta,Completada,False
304,76,21,Novela,Libros,1,82.64,82.64,2025-04-29,Efectivo,Completada,False
930,130,23,Manual,Libros,2,97.58,195.16,2025-04-29,Tarjeta,Completada,False
460,28,16,Bicicleta,Deportes,3,188.39,565.17,2025-04-30,Efectivo,Completada,False
390,167,7,Mesa,Hogar,3,72.35,217.05,2025-05-01,Tarjeta,Completada,False
976,83,19,Balón,Deportes,1,85.13,85.13,2025-05-02,Transferencia,Completada,False
527,94,22,Ensayo,Libros,1,51.35,51.35,2025-05-02,PayPal,Completada,False
314,56,23,Manual,Libros,4,97.58,390.32,2025-05-02,Transferencia,Completada,False
738,108,5,Smartwatch,Electrónica,2,1349.05,2698.1,2025-05-02,Tarjeta,Completada,False
740,37,25,Revista,Libros,2,84.65,169.3,2025-05-04,Tarjeta,Completada,False
863,180,14,Chaqueta,Ropa,1,232.47,232.47,2025-05-04,Tarjeta,Completada,False
303,185,4,Auriculares,Electrónica,1,243.49,243.49,2025-05-04,PayPal,Completada,False
765,193,17,Pesas,Deportes,1,575.61,575.61,2025-05-04,Tarjeta,Pendiente,False
785,191,18,Esterilla,Deportes,4,88.26,353.04,2025-05-04,Tarjeta,Completada,True
761,108,22,Ensayo,Libros,5,51.35,256.75,2025-05-05,Tarjeta,Completada,False
144,13,2,Laptop,Electrónica,1,1138.17,1138.17,2025-05-05,Efectivo,Completada,False
492,13,1,Smartphone,Electrónica,3,995.2,2985.6,2025-05-05,Efectivo,Completada,False
321,101,10,Estantería,Hogar,2,587.01,1174.02,2025-05-05,Tarjeta,Completada,False
341,4,23,Manual,Libros,1,97.58,97.58,2025-05-05,Efectivo,Completada,False
40,59,25,Revista,Libros,2,84.65,169.3,2025-05-05,Efectivo,Completada,False
577,23,9,Lámpara,Hogar,1,69.9,69.9,2025-05-06,Transferencia,Completada,False
223,96,6,Sofá,Hogar,1,492.87,492.87,2025-05-06,Efectivo,Completada,False
143,100,25,Revista,Libros,1,84.65,84.65,2025-05-08,Tarjeta,Completada,False
322,176,22,Ensayo,Libros,1,51.35,51.35,2025-05-08,Tarjeta,Completada,False
239,58,19,Balón,Deportes,1,85.13,85.13,2025-05-08,Efectivo,Completada,False
204,65,10,Estantería,Hogar,4,587.01,2348.04,2025-05-08,PayPal,Completada,False
745,121,20,Raqueta,Deportes,1,226.05,226.05,2025-05-09,Tarjeta,Pendiente,False
791,42,6,Sofá,Hogar,5,492.87,2464.35,2025-05-09,Tarjeta,Completada,False
219,153,8,Silla,Hogar,1,224.5,224.5,2025-05-09,Tarjeta,Completada,False
82,178,11,Camiseta,Ropa,2,172.58,345.16,2025-05-09,Tarjeta,Completada,False
161,109,12,Pantalón,Ropa,1,145.78,145.78,2025-05-09,Tarjeta,Completada,False
986,155,22,Ensayo,Libros,2,51.35,102.7,2025-05-10,Efectivo,Completada,False
797,14,6,Sofá,Hogar,4,492.87,1971.48,2025-05-10,Tarjeta,Completada,False
819,96,3,Tablet,Electrónica,1,412.5,412.5,2025-05-11,Tarjeta,Completada,False
853,41,22,Ensayo,Libros,1,51.35,51.35,2025-05-11,Tarjeta,Completada,False
153,86,14,Chaqueta,Ropa,1,232.47,232.47,2025-05-12,Tarjeta,Completada,False
746,188,12,Pantalón,Ropa,2,145.78,291.56,2025-05-14,Efectivo,Pendiente,False
758,108,24,Cómic,Libros,1,17.09,17.09,2025-05-15,Tarjeta,Completada,False
698,26,8,Silla,Hogar,2,224.5,449.0,2025-05-15,Tarjeta,Completada,False
313,5,4,Auriculares,Electrónica,1,243.49,243.49,2025-05-15,Tarjeta,Completada,False
593,42,6,Sofá,Hogar,1,492.87,492.87,2025-05-15,Tarjeta,Completada,False
928,104,25,Revista,Libros,2,84.65,169.3,2025-05-15,Tarjeta,Completada,True
766,179,19,Balón,Deportes,3,85.13,255.39,2025-05-15,Tarjeta,Completada,False
469,156,25,Revista,Libros,2,84.65,169.3,2025-05-16,Tarjeta,Completada,True
180,128,10,Estantería,Hogar,1,587.01,587.01,2025-05-16,Tarjeta,Completada,False
384,158,8,Silla,Hogar,2,224.5,449.0,2025-05-16,Tarjeta,Completada,False
693,85,11,Camiseta,Ropa,2,172.58,345.16,2025-05-16,Efectivo,Completada,False
541,73,5,Smartwatch,Electrónica,1,1349.05,1349.05,2025-05-17,Tarjeta,Completada,False
980,182,5,Smartwatch,Electrónica,3,1349.05,4047.15,2025-05-17,Tarjeta,Completada,False
595,58,19,Balón,Deportes,2,85.13,170.26,2025-05-17,Efectivo,Completada,False
407,47,13,Vestido,Ropa,1,246.64,246.64,2025-05-17,Efectivo,Completada,False
240,21,10,Estantería,Hogar,3,587.01,1761.03,2025-05-18,Tarjeta,Completada,False
583,167,22,Ensayo,Libros,1,51.35,51.35,2025-05-19,Efectivo,Completada,False
409,118,21,Novela,Libros,1,82.64,82.64,2025-05-19,Efectivo,Completada,True
970,21,4,Auriculares,Electrónica,1,243.49,243.49,2025-05-19,Tarjeta,Completada,False
820,172,18,Esterilla,Deportes,4,88.26,353.04,2025-05-19,Tarjeta,Completada,False
592,39,15,Zapatos,Ropa,1,215.48,215.48,2025-05-19,Tarjeta,Completada,False
505,129,16,Bicicleta,Deportes,1,188.39,188.39,2025-05-19,Tarjeta,Completada,False
661,173,5,Smartwatch,Electrónica,1,1349.05,1349.05,2025-05-20,Efectivo,Pendiente,False
269,182,12,Pantalón,Ropa,5,145.78,728.9,2025-05-20,Efectivo,Completada,False
625,64,20,Raqueta,Deportes,1,226.05,226.05,2025-05-21,Efectivo,Completada,False
125,157,5,Smartwatch,Electrónica,3,1349.05,4047.15,2025-05-22,Efectivo,Completada,False
790,13,25,Revista,Libros,3,84.65,253.95,2025-05-22,Transferencia,Completada,False
459,138,10,Estantería,Hogar,1,587.01,587.01,2025-05-22,Transferencia,Pendiente,False
45,6,11,Camiseta,Ropa,3,172.58,517.74,2025-05-22,Transferencia,Completada,False
630,2,9,Lámpara,Hogar,1,69.9,69.9,2025-05-24,Tarjeta,Completada,True
879,32,20,Raqueta,Deportes,2,226.05,452.1,2025-05-24,Transferencia,Completada,False
931,113,8,Silla,Hogar,1,224.5,224.5,2025-05-24,Efectivo,Completada,False
659,178,18,Esterilla,Deportes,4,88.26,353.04,2025-05-24,PayPal,Completada,False
12,147,9,Lámpara,Hogar,2,69.9,139.8,2025-05-24,Tarjeta,Pendiente,False
521,139,25,Revista,Libros,1,84.65,84.65,2025-05-25,Efectivo,Completada,False
936,130,16,Bicicleta,Deportes,1,188.39,188.39,2025-05-25,Tarjeta,Pendiente,True
653,130,1,Smartphone,Electrónica,1,995.2,995.2,2025-05-25,Tarjeta,Completada,False
673,191,18,Esterilla,Deportes,1,88.26,88.26,2025-05-25,Tarjeta,Completada,False
718,154,21,Novela,Libros,3,82.64,247.92,2025-05-26,Tarjeta,Completada,False
720,30,6,Sofá,Hogar,1,492.87,492.87,2025-05-27,Tarjeta,Completada,False
979,146,10,Estantería,Hogar,3,587.01,1761.03,2025-05-28,PayPal,Completada,False
649,93,12,Pantalón,Ropa,2,145.78,291.56,2025-05-29,Tarjeta,Completada,False
957,193,13,Vestido,Ropa,5,246.64,1233.2,2025-05-29,Efectivo,Completada,False
170,109,16,Bicicleta,Deportes,1,188.39,188.39,2025-05-30,Transferencia,Cancelada,False
914,173,15,Zapatos,Ropa,1,215.48,215.48,2025-06-01,Tarjeta,Completada,False
410,90,7,Mesa,Hogar,2,72.35,144.7,2025-06-01,Tarjeta,Completada,False
701,94,15,Zapatos,Ropa,1,215.48,215.48,2025-06-02,Tarjeta,Completada,False
624,141,10,Estantería,Hogar,1,587.01,587.01,2025-06-03,Tarjeta,Completada,False
944,38,15,Zapatos,Ropa,1,215.48,215.48,2025-06-03,Efectivo,Cancelada,False
539,163,7,Mesa,Hogar,2,72.35,144.7,2025-06-03,Tarjeta,Completada,False
464,20,16,Bicicleta,Deportes,3,188.39,565.17,2025-06-03,Tarjeta,Pendiente,False
809,194,10,Estantería,Hogar,1,587.01,587.01,2025-06-03,Tarjeta,Completada,False
140,154,18,Esterilla,Deportes,3,88.26,264.78,2025-06-03,Tarjeta,Completada,False
891,159,25,Revista,Libros,2,84.65,169.3,2025-06-03,Tarjeta,Completada,False
76,115,6,Sofá,Hogar,1,492.87,492.87,2025-06-06,Transferencia,Completada,False
830,58,11,Camiseta,Ropa,2,172.58,345.16,2025-06-06,Tarjeta,Completada,False
752,17,10,Estantería,Hogar,4,587.01,2348.04,2025-06-06,Efectivo,Completada,True
639,53,16,Bicicleta,Deportes,1,188.39,188.39,2025-06-06,Tarjeta,Completada,False
485,55,20,Raqueta,Deportes,4,226.05,904.2,2025-06-06,Efectivo,Completada,False
364,64,3,Tablet,Electrónica,3,412.5,1237.5,2025-06-07,Tarjeta,Completada,False
775,183,7,Mesa,Hogar,1,72.35,72.35,2025-06-08,Tarjeta,Pendiente,False
358,84,4,Auriculares,Electrónica,1,243.49,243.49,2025-06-09,Tarjeta,Completada,False
328,180,10,Estantería,Hogar,2,587.01,1174.02,2025-06-09,Tarjeta,Completada,False
854,122,7,Mesa,Hogar,4,72.35,289.4,2025-06-09,Efectivo,Completada,False
810,34,24,Cómic,Libros,1,17.09,17.09,2025-06-10,Efectivo,Devuelta,False
127,73,21,Novela,Libros,5,82.64,413.2,2025-06-11,Efectivo,Completada,False
883,175,6,Sofá,Hogar,3,492.87,1478.61,2025-06-11,Tarjeta,Completada,True
566,25,10,Estantería,Hogar,1,587.01,587.01,2025-06-11,Efectivo,Pendiente,False
937,100,10,Estantería,Hogar,3,587.01,1761.03,2025-06-11,Tarjeta,Completada,False
860,119,18,Esterilla,Deportes,3,88.26,264.78,2025-06-12,Efectivo,Completada,False
282,2,23,Manual,Libros,1,97.58,97.58,2025-06-13,Tarjeta,Completada,False
68,85,6,Sofá,Hogar,3,492.87,1478.61,2025-06-13,Tarjeta,Completada,False
726,82,8,Silla,Hogar,3,224.5,673.5,2025-06-13,Transferencia,Completada,False
943,119,5,Smartwatch,Electrónica,2,1349.05,2698.1,2025-06-14,Transferencia,Completada,False
84,5,9,Lámpara,Hogar,1,69.9,69.9,2025-06-14,Transferencia,Completada,False
599,78,3,Tablet,Electrónica,2,412.5,825.0,2025-06-14,Tarjeta,Devuelta,False
310,145,13,Vestido,Ropa,2,246.64,493.28,2025-06-15,PayPal,Completada,False
526,150,21,Novela,Libros,5,82.64,413.2,2025-06-15,Tarjeta,Completada,False
695,15,22,Ensayo,Libros,1,51.35,51.35,2025-06-15,PayPal,Completada,False
190,71,1,Smartphone,Electrónica,4,995.2,3980.8,2025-06-15,Tarjeta,Completada,False
585,97,2,Laptop,Electrónica,2,1138.17,2276.34,2025-06-16,Efectivo,Completada,False
385,16,25,Revista,Libros,3,84.65,253.95,2025-06-16,Tarjeta,Devuelta,False
942,56,13,Vestido,Ropa,3,246.64,739.92,2025-06-16,Tarjeta,Completada,True
562,44,18,Esterilla,Deportes,4,88.26,353.04,2025-06-16,Tarjeta,Completada,False
182,101,20,Raqueta,Deportes,5,226.05,1130.25,2025-06-17,Tarjeta,Completada,False
574,86,8,Silla,Hogar,1,224.5,224.5,2025-06-17,Efectivo,Completada,False
447,162,1,Smartphone,Electrónica,3,995.2,2985.6,2025-06-18,Tarjeta,Completada,False
81,23,12,Pantalón,Ropa,1,145.78,145.78,2025-06-18,Tarjeta,Cancelada,False
115,99,17,Pesas,Deportes,3,575.61,1726.83,2025-06-18,Tarjeta,Completada,False
965,192,7,Mesa,Hogar,5,72.35,361.75,2025-06-19,Tarjeta,Pendiente,False
158,151,10,Estantería,Hogar,3,587.01,1761.03,2025-06-19,Transferencia,Devuelta,False
908,19,18,Esterilla,Deportes,5,88.26,441.3,2025-06-19,Tarjeta,Cancelada,False
675,132,18,Esterilla,Deportes,1,88.26,88.26,2025-06-20,Transferencia,Completada,False
150,157,19,Balón,Deportes,2,85.13,170.26,2025-06-20,Efectivo,Completada,False
557,20,19,Balón,Deportes,3,85.13,255.39,2025-06-20,Transferencia,Completada,False
477,111,1,Smartphone,Electrónica,1,995.2,995.2,2025-06-20,Tarjeta,Devuelta,False
617,180,4,Auriculares,Electrónica,1,243.49,243.49,2025-06-21,Tarjeta,Completada,False
651,156,22,Ensayo,Libros,2,51.35,102.7,2025-06-21,Transferencia,Completada,False
236,144,2,Laptop,Electrónica,5,1138.17,5690.85,2025-06-21,Tarjeta,Pendiente,False
771,161,8,Silla,Hogar,1,224.5,224.5,2025-06-22,Efectivo,Completada,False
840,128,16,Bicicleta,Deportes,4,188.39,753.56,2025-06-22,Transferencia,Completada,False
356,112,1,Smartphone,Electrónica,3,995.2,2985.6,2025-06-23,Tarjeta,Completada,False
729,158,8,Silla,Hogar,1,224.5,224.5,2025-06-23,Tarjeta,Completada,False
933,2,18,Esterilla,Deportes,5,88.26,441.3,2025-06-24,Tarjeta,Devuelta,False
299,34,25,Revista,Libros,1,84.65,84.65,2025-06-25,Tarjeta,Completada,False
386,48,6,Sofá,Hogar,2,492.87,985.74,2025-06-25,Tarjeta,Completada,False
681,116,21,Novela,Libros,1,82.64,82.64,2025-06-26,Tarjeta,Completada,False
454,141,25,Revista,Libros,5,84.65,423.25,2025-06-27,Transferencia,Completada,False
330,106,4,Auriculares,Electrónica,1,243.49,243.49,2025-06-27,Tarjeta,Completada,False
920,168,2,Laptop,Electrónica,5,1138.17,5690.85,2025-06-28,Efectivo,Completada,False
232,125,19,Balón,Deportes,1,85.13,85.13,2025-06-28,PayPal,Completada,False
164,159,8,Silla,Hogar,4,224.5,898.0,2025-06-28,Tarjeta,Pendiente,False
9,14,11,Camiseta,Ropa,4,172.58,690.32,2025-06-28,PayPal,Completada,False
201,193,2,Laptop,Electrónica,5,1138.17,5690.85,2025-06-29,Efectivo,Completada,False
339,66,2,Laptop,Electrónica,1,1138.17,1138.17,2025-06-29,Tarjeta,Completada,False
184,182,7,Mesa,Hogar,3,72.35,217.05,2025-06-30,Efectivo,Completada,False
326,86,5,Smartwatch,Electrónica,1,1349.05,1349.05,2025-06-30,Tarjeta,Completada,False
109,178,9,Lámpara,Hogar,1,69.9,69.9,2025-07-01,PayPal,Completada,False
640,63,7,Mesa,Hogar,2,72.35,144.7,2025-07-01,Transferencia,Completada,False
590,21,17,Pesas,Deportes,4,575.61,2302.44,2025-07-02,Tarjeta,Pendiente,False
666,65,22,Ensayo,Libros,1,51.35,51.35,2025-07-02,Transferencia,Completada,True
123,78,3,Tablet,Electrónica,1,412.5,412.5,2025-07-02,Tarjeta,Cancelada,False
532,79,22,Ensayo,Libros,4,51.35,205.4,2025-07-02,Tarjeta,Completada,False
694,142,4,Auriculares,Electrónica,1,243.49,243.49,2025-07-03,Tarjeta,Completada,False
346,101,6,Sofá,Hogar,2,492.87,985.74,2025-07-04,Efectivo,Pendiente,False
812,189,10,Estantería,Hogar,1,587.01,587.01,2025-07-04,Efectivo,Completada,False
174,125,21,Novela,Libros,3,82.64,247.92,2025-07-05,Efectivo,Completada,False
550,33,13,Vestido,Ropa,4,246.64,986.56,2025-07-05,Tarjeta,Completada,False
456,136,10,Estantería,Hogar,2,587.01,1174.02,2025-07-06,Transferencia,Completada,False
342,142,17,Pesas,Deportes,1,575.61,575.61,2025-07-06,Tarjeta,Completada,False
981,36,15,Zapatos,Ropa,3,215.48,646.44,2025-07-07,Tarjeta,Completada,False
880,101,6,Sofá,Hogar,2,492.87,985.74,2025-07-07,Efectivo,Completada,False
739,149,13,Vestido,Ropa,4,246.64,986.56,2025-07-08,Tarjeta,Completada,False
157,176,23,Manual,Libros,3,97.58,292.74,2025-07-09,Efectivo,Completada,False
430,94,14,Chaqueta,Ropa,1,232.47,232.47,2025-07-09,Tarjeta,Completada,False
31,180,23,Manual,Libros,1,97.58,97.58,2025-07-10,Tarjeta,Completada,False
178,122,25,Revista,Libros,5,84.65,423.25,2025-07-10,PayPal,Completada,False
689,41,2,Laptop,Electrónica,1,1138.17,1138.17,2025-07-10,Efectivo,Completada,False
231,70,12,Pantalón,Ropa,1,145.78,145.78,2025-07-10,Efectivo,Completada,False
493,120,20,Raqueta,Deportes,2,226.05,452.1,2025-07-11,Transferencia,Completada,False
483,181,17,Pesas,Deportes,1,575.61,575.61,2025-07-12,Efectivo,Completada,False
173,138,15,Zapatos,Ropa,1,215.48,215.48,2025-07-13,Tarjeta,Completada,False
684,168,15,Zapatos,Ropa,4,215.48,861.92,2025-07-13,Efectivo,Completada,False
37,121,14,Chaqueta,Ropa,1,232.47,232.47,2025-07-13,Tarjeta,Completada,False
682,190,22,Ensayo,Libros,1,51.35,51.35,2025-07-13,Tarjeta,Completada,False
98,179,11,Camiseta,Ropa,2,172.58,345.16,2025-07-13,Tarjeta,Completada,False
588,142,21,Novela,Libros,3,82.64,247.92,2025-07-14,Transferencia,Completada,False
769,175,24,Cómic,Libros,1,17.09,17.09,2025-07-14,Tarjeta,Completada,False
448,194,21,Novela,Libros,2,82.64,165.28,2025-07-14,Tarjeta,Completada,False
696,4,6,Sofá,Hogar,3,492.87,1478.61,2025-07-15,Tarjeta,Completada,False
626,44,3,Tablet,Electrónica,1,412.5,412.5,2025-07-15,Efectivo,Completada,False
431,10,6,Sofá,Hogar,1,492.87,492.87,2025-07-15,Tarjeta,Completada,False
7,17,13,Vestido,Ropa,3,246.64,739.92,2025-07-15,Tarjeta,Completada,False
198,94,5,Smartwatch,Electrónica,2,1349.05,2698.1,2025-07-15,Tarjeta,Pendiente,False
614,100,20,Raqueta,Deportes,2,226.05,452.1,2025-07-15,PayPal,Completada,False
796,68,18,Esterilla,Deportes,2,88.26,176.52,2025-07-16,Efectivo,Completada,False
990,61,25,Revista,Libros,1,84.65,84.65,2025-07-16,Tarjeta,Completada,False
377,52,9,Lámpara,Hogar,1,69.9,69.9,2025-07-17,Tarjeta,Completada,False
379,17,3,Tablet,Electrónica,1,412.5,412.5,2025-07-17,Tarjeta,Completada,False
383,61,1,Smartphone,Electrónica,2,995.2,1990.4,2025-07-17,Tarjeta,Devuelta,False
216,150,11,Camiseta,Ropa,2,172.58,345.16,2025-07-18,Tarjeta,Completada,False
137,14,2,Laptop,Electrónica,1,1138.17,1138.17,2025-07-18,Tarjeta,Pendiente,False
843,127,6,Sofá,Hogar,1,492.87,492.87,2025-07-18,Efectivo,Completada,False
73,121,20,Raqueta,Deportes,3,226.05,678.15,2025-07-19,Efectivo,Completada,False
444,189,3,Tablet,Electrónica,3,412.5,1237.5,2025-07-19,Tarjeta,Completada,False
670,69,24,Cómic,Libros,2,17.09,34.18,2025-07-19,Tarjeta,Completada,False
782,83,25,Revista,Libros,2,84.65,169.3,2025-07-20,Tarjeta,Completada,False
677,38,12,Pantalón,Ropa,1,145.78,145.78,2025-07-20,Tarjeta,Completada,False
111,59,20,Raqueta,Deportes,1,226.05,226.05,2025-07-20,Efectivo,Devuelta,False
806,163,23,Manual,Libros,1,97.58,97.58,2025-07-21,Tarjeta,Completada,False
27,197,2,Laptop,Electrónica,1,1138.17,1138.17,2025-07-21,Efectivo,Completada,False
160,197,9,Lámpara,Hogar,2,69.9,139.8,2025-07-21,Tarjeta,Completada,False
874,96,10,Estantería,Hogar,2,587.01,1174.02,2025-07-22,Tarjeta,Completada,False
302,88,23,Manual,Libros,2,97.58,195.16,2025-07-23,Tarjeta,Completada,False
414,47,21,Novela,Libros,1,82.64,82.64,2025-07-23,PayPal,Completada,False
101,51,18,Esterilla,Deportes,5,88.26,441.3,2025-07-24,Tarjeta,Completada,False
220,197,14,Chaqueta,Ropa,2,232.47,464.94,2025-07-25,Tarjeta,Completada,False
129,188,13,Vestido,Ropa,1,246.64,246.64,2025-07-26,Tarjeta,Completada,False
171,10,1,Smartphone,Electrónica,1,995.2,995.2,2025-07-26,Tarjeta,Completada,False
146,108,20,Raqueta,Deportes,1,226.05,226.05,2025-07-27,Tarjeta,Completada,False
421,65,16,Bicicleta,Deportes,4,188.39,753.56,2025-07-27,Tarjeta,Pendiente,False
817,16,17,Pesas,Deportes,3,575.61,1726.83,2025-07-27,Tarjeta,Completada,False
369,14,22,Ensayo,Libros,2,51.35,102.7,2025-07-27,Tarjeta,Devuelta,True
676,72,5,Smartwatch,Electrónica,2,1349.05,2698.1,2025-07-29,Tarjeta,Completada,False
744,179,1,Smartphone,Electrónica,3,995.2,2985.6,2025-07-30,Tarjeta,Completada,False
474,137,19,Balón,Deportes,3,85.13,255.39,2025-07-30,Tarjeta,Completada,False
576,97,25,Revista,Libros,2,84.65,169.3,2025-07-30,Tarjeta,Completada,False
366,58,15,Zapatos,Ropa,1,215.48,215.48,2025-07-31,Tarjeta,Pendiente,True
850,121,6,Sofá,Hogar,2,492.87,985.74,2025-07-31,PayPal,Completada,False
396,48,13,Vestido,Ropa,2,246.64,493.28,2025-07-31,Efectivo,Completada,False
988,150,4,Auriculares,Electrónica,1,243.49,243.49,2025-07-31,Tarjeta,Completada,False
96,12,11,Camiseta,Ropa,2,172.58,345.16,2025-08-01,Tarjeta,Devuelta,False
64,40,12,Pantalón,Ropa,2,145.78,291.56,2025-08-01,PayPal,Completada,False
336,77,3,Tablet,Electrónica,1,412.5,412.5,2025-08-01,Tarjeta,Pendiente,False
340,164,2,Laptop,Electrónica,1,1138.17,1138.17,2025-08-01,Efectivo,Completada,False
438,44,3,Tablet,Electrónica,1,412.5,412.5,2025-08-02,Efectivo,Completada,False
181,193,25,Revista,Libros,3,84.65,253.95,2025-08-02,Efectivo,Completada,False
829,180,24,Cómic,Libros,2,17.09,34.18,2025-08-02,Tarjeta,Completada,False
500,72,21,Novela,Libros,3,82.64,247.92,2025-08-03,Tarjeta,Pendiente,False
259,56,16,Bicicleta,Deportes,5,188.39,941.95,2025-08-03,Tarjeta,Completada,False
23,86,14,Chaqueta,Ropa,1,232.47,232.47,2025-08-03,Efectivo,Completada,False
821,84,23,Manual,Libros,5,97.58,487.9,2025-08-04,Efectivo,Completada,True
508,136,15,Zapatos,Ropa,3,215.48,646.44,2025-08-04,Tarjeta,Completada,False
558,111,14,Chaqueta,Ropa,1,232.47,232.47,2025-08-04,Tarjeta,Completada,False
767,34,6,Sofá,Hogar,1,492.87,492.87,2025-08-05,Transferencia,Completada,True
119,20,5,Smartwatch,Electrónica,2,1349.05,2698.1,2025-08-05,Efectivo,Completada,False
331,4,12,Pantalón,Ropa,4,145.78,583.12,2025-08-05,Tarjeta,Pendiente,False
544,20,23,Manual,Libros,4,97.58,390.32,2025-08-05,Tarjeta,Cancelada,False
663,63,11,Camiseta,Ropa,1,172.58,172.58,2025-08-05,Efectivo,Completada,False
218,197,16,Bicicleta,Deportes,2,188.39,376.78,2025-08-06,Transferencia,Completada,False
132,152,4,Auriculares,Electrónica,5,243.49,1217.45,2025-08-06,Tarjeta,Completada,False
350,114,24,Cómic,Libros,1,17.09,17.09,2025-08-06,Tarjeta,Completada,False
203,200,19,Balón,Deportes,1,85.13,85.13,2025-08-06,Tarjeta,Completada,False
400,65,12,Pantalón,Ropa,1,145.78,145.78,2025-08-06,Tarjeta,Pendiente,True
984,41,15,Zapatos,Ropa,1,215.48,215.48,2025-08-06,Tarjeta,Cancelada,False
709,112,21,Novela,Libros,2,82.64,165.28,2025-08-07,Tarjeta,Completada,True
382,153,17,Pesas,Deportes,4,575.61,2302.44,2025-08-07,Tarjeta,Completada,False
18,20,3,Tablet,Electrónica,1,412.5,412.5,2025-08-07,Efectivo,Completada,False
177,39,16,Bicicleta,Deportes,1,188.39,188.39,2025-08-08,Transferencia,Completada,False
899,182,25,Revista,Libros,1,84.65,84.65,2025-08-08,Tarjeta,Completada,False
940,160,19,Balón,Deportes,1,85.13,85.13,2025-08-09,Tarjeta,Completada,False
134,69,6,Sofá,Hogar,1,492.87,492.87,2025-08-10,Transferencia,Completada,False
337,43,18,Esterilla,Deportes,1,88.26,88.26,2025-08-10,Tarjeta,Completada,False
950,69,8,Silla,Hogar,3,224.5,673.5,2025-08-10,Tarjeta,Completada,False
244,109,25,Revista,Libros,3,84.65,253.95,2025-08-10,Tarjeta,Completada,False
308,124,16,Bicicleta,Deportes,3,188.39,565.17,2025-08-10,Tarjeta,Pendiente,False
989,97,3,Tablet,Electrónica,1,412.5,412.5,2025-08-10,Tarjeta,Completada,False
572,133,15,Zapatos,Ropa,1,215.48,215.48,2025-08-11,Efectivo,Completada,False
763,85,20,Raqueta,Deportes,3,226.05,678.15,2025-08-11,Tarjeta,Completada,False
62,91,3,Tablet,Electrónica,3,412.5,1237.5,2025-08-11,Tarjeta,Completada,False
594,63,14,Chaqueta,Ropa,1,232.47,232.47,2025-08-12,Efectivo,Completada,False
462,84,14,Chaqueta,Ropa,3,232.47,697.41,2025-08-12,Tarjeta,Completada,False
546,59,22,Ensayo,Libros,1,51.35,51.35,2025-08-12,Tarjeta,Completada,False
235,119,21,Novela,Libros,5,82.64,413.2,2025-08-12,Tarjeta,Pendiente,True
241,185,18,Esterilla,Deportes,2,88.26,176.52,2025-08-12,Tarjeta,Completada,False
837,97,10,Estantería,Hogar,1,587.01,587.01,2025-08-13,Transferencia,Completada,False
93,157,24,Cómic,Libros,1,17.09,17.09,2025-08-13,Tarjeta,Completada,False
828,161,3,Tablet,Electrónica,2,412.5,825.0,2025-08-13,Tarjeta,Completada,False
461,51,22,Ensayo,Libros,2,51.35,102.7,2025-08-14,Efectivo,Completada,False
889,178,9,Lámpara,Hogar,2,69.9,139.8,2025-08-14,Tarjeta,Completada,False
452,132,3,Tablet,Electrónica,4,412.5,1650.0,2025-08-15,PayPal,Completada,False
311,88,10,Estantería,Hogar,3,587.01,1761.03,2025-08-15,Tarjeta,Completada,False
923,56,14,Chaqueta,Ropa,2,232.47,464.94,2025-08-15,Transferencia,Devuelta,False
22,63,14,Chaqueta,Ropa,1,232.47,232.47,2025-08-16,Transferencia,Completada,False
633,68,25,Revista,Libros,1,84.65,84.65,2025-08-16,PayPal,Completada,False
99,120,13,Vestido,Ropa,1,246.64,246.64,2025-08-16,PayPal,Completada,False
834,85,20,Raqueta,Deportes,1,226.05,226.05,2025-08-16,Tarjeta,Completada,True
61,107,14,Chaqueta,Ropa,5,232.47,1162.35,2025-08-16,Efectivo,Completada,False
511,183,15,Zapatos,Ropa,3,215.48,646.44,2025-08-17,Tarjeta,Completada,False
687,135,7,Mesa,Hogar,2,72.35,144.7,2025-08-18,Tarjeta,Completada,False
637,110,22,Ensayo,Libros,1,51.35,51.35,2025-08-18,Tarjeta,Cancelada,False
881,144,2,Laptop,Electrónica,1,1138.17,1138.17,2025-08-18,PayPal,Cancelada,False
92,97,3,Tablet,Electrónica,2,412.5,825.0,2025-08-19,Tarjeta,Completada,False
616,84,19,Balón,Deportes,1,85.13,85.13,2025-08-19,Efectivo,Completada,False
982,182,11,Camiseta,Ropa,2,172.58,345.16,2025-08-19,Tarjeta,Completada,False
131,196,11,Camiseta,Ropa,1,172.58,172.58,2025-08-19,PayPal,Completada,False
972,37,16,Bicicleta,Deportes,1,188.39,188.39,2025-08-20,Tarjeta,Completada,True
503,69,16,Bicicleta,Deportes,3,188.39,565.17,2025-08-20,Efectivo,Completada,False
275,199,5,Smartwatch,Electrónica,1,1349.05,1349.05,2025-08-21,Tarjeta,Completada,False
323,46,15,Zapatos,Ropa,1,215.48,215.48,2025-08-22,Efectivo,Completada,False
103,122,2,Laptop,Electrónica,5,1138.17,5690.85,2025-08-23,Efectivo,Completada,False
807,156,20,Raqueta,Deportes,1,226.05,226.05,2025-08-24,Transferencia,Completada,False
245,134,8,Silla,Hogar,5,224.5,1122.5,2025-08-25,Tarjeta,Completada,False
381,105,23,Manual,Libros,1,97.58,97.58,2025-08-26,Tarjeta,Completada,False
719,175,19,Balón,Deportes,1,85.13,85.13,2025-08-26,Efectivo,Completada,False
714,175,2,Laptop,Electrónica,1,1138.17,1138.17,2025-08-27,Tarjeta,Cancelada,False
116,135,1,Smartphone,Electrónica,1,995.2,995.2,2025-08-27,Tarjeta,Completada,False
249,84,15,Zapatos,Ropa,5,215.48,1077.4,2025-08-27,Efectivo,Completada,True
261,77,13,Vestido,Ropa,3,246.64,739.92,2025-08-29,Tarjeta,Completada,False
573,153,19,Balón,Deportes,4,85.13,340.52,2025-08-29,Transferencia,Cancelada,False
392,32,17,Pesas,Deportes,1,575.61,575.61,2025-08-29,PayPal,Completada,False
348,13,16,Bicicleta,Deportes,3,188.39,565.17,2025-08-29,Tarjeta,Completada,False
712,71,2,Laptop,Electrónica,1,1138.17,1138.17,2025-08-30,Tarjeta,Completada,True
139,73,24,Cómic,Libros,2,17.09,34.18,2025-08-30,Efectivo,Completada,False
705,73,18,Esterilla,Deportes,2,88.26,176.52,2025-08-30,Tarjeta,Completada,False
55,10,2,Laptop,Electrónica,1,1138.17,1138.17,2025-08-31,Transferencia,Completada,False
857,81,2,Laptop,Electrónica,4,1138.17,4552.68,2025-09-01,Transferencia,Cancelada,True
416,107,6,Sofá,Hogar,4,492.87,1971.48,2025-09-01,Transferencia,Completada,False
977,63,16,Bicicleta,Deportes,4,188.39,753.56,2025-09-02,PayPal,Completada,True
372,55,13,Vestido,Ropa,1,246.64,246.64,2025-09-02,Efectivo,Cancelada,True
433,130,9,Lámpara,Hogar,1,69.9,69.9,2025-09-02,Tarjeta,Completada,False
442,8,8,Silla,Hogar,5,224.5,1122.5,2025-09-02,Tarjeta,Completada,False
77,176,16,Bicicleta,Deportes,2,188.39,376.78,2025-09-02,Tarjeta,Completada,False
679,2,18,Esterilla,Deportes,2,88.26,176.52,2025-09-03,Tarjeta,Pendiente,False
823,48,4,Auriculares,Electrónica,2,243.49,486.98,2025-09-03,Efectivo,Completada,False
564,199,21,Novela,Libros,1,82.64,82.64,2025-09-03,PayPal,Completada,False
288,33,6,Sofá,Hogar,3,492.87,1478.61,2025-09-03,Efectivo,Completada,False
208,42,10,Estantería,Hogar,5,587.01,2935.05,2025-09-04,Tarjeta,Completada,False
998,160,25,Revista,Libros,3,84.65,253.95,2025-09-04,Tarjeta,Completada,False
71,37,20,Raqueta,Deportes,1,226.05,226.05,2025-09-04,Tarjeta,Completada,False
896,163,5,Smartwatch,Electrónica,1,1349.05,1349.05,2025-09-04,Efectivo,Pendiente,False
306,172,14,Chaqueta,Ropa,1,232.47,232.47,2025-09-04,Tarjeta,Completada,False
404,113,16,Bicicleta,Deportes,1,188.39,188.39,2025-09-05,Tarjeta,Completada,False
246,158,22,Ensayo,Libros,2,51.35,102.7,2025-09-06,Tarjeta,Completada,False
481,114,15,Zapatos,Ropa,1,215.48,215.48,2025-09-06,Tarjeta,Completada,False
802,88,12,Pantalón,Ropa,3,145.78,437.34,2025-09-06,Transferencia,Completada,False
647,184,7,Mesa,Hogar,2,72.35,144.7,2025-09-06,Tarjeta,Completada,False
851,161,25,Revista,Libros,2,84.65,169.3,2025-09-06,Tarjeta,Completada,True
690,54,9,Lámpara,Hogar,4,69.9,279.6,2025-09-07,Transferencia,Completada,False
652,151,14,Chaqueta,Ropa,1,232.47,232.47,2025-09-07,Tarjeta,Completada,False
1000,56,6,Sofá,Hogar,1,492.87,492.87,2025-09-07,Tarjeta,Completada,False
207,176,22,Ensayo,Libros,1,51.35,51.35,2025-09-07,Efectivo,Completada,False
289,39,19,Balón,Deportes,2,85.13,170.26,2025-09-08,Tarjeta,Completada,False
320,20,8,Silla,Hogar,1,224.5,224.5,2025-09-08,Tarjeta,Completada,False
403,1,2,Laptop,Electrónica,1,1138.17,1138.17,2025-09-09,Tarjeta,Completada,False
426,19,3,Tablet,Electrónica,1,412.5,412.5,2025-09-10,Tarjeta,Completada,False
711,155,21,Novela,Libros,1,82.64,82.64,2025-09-10,Efectivo,Completada,False
900,17,13,Vestido,Ropa,3,246.64,739.92,2025-09-10,Tarjeta,Completada,False
248,43,24,Cómic,Libros,1,17.09,17.09,2025-09-11,Tarjeta,Completada,True
841,72,12,Pantalón,Ropa,5,145.78,728.9,2025-09-12,Tarjeta,Pendiente,False
859,192,19,Balón,Deportes,3,85.13,255.39,2025-09-13,Efectivo,Completada,False
39,13,8,Silla,Hogar,2,224.5,449.0,2025-09-14,PayPal,Completada,False
47,143,3,Tablet,Electrónica,1,412.5,412.5,2025-09-14,Transferencia,Completada,False
432,110,2,Laptop,Electrónica,2,1138.17,2276.34,2025-09-14,Transferencia,Completada,False
582,139,3,Tablet,Electrónica,1,412.5,412.5,2025-09-15,Tarjeta,Completada,False
668,15,1,Smartphone,Electrónica,3,995.2,2985.6,2025-09-15,Tarjeta,Devuelta,False
270,185,21,Novela,Libros,2,82.64,165.28,2025-09-16,PayPal,Completada,False
650,102,12,Pantalón,Ropa,1,145.78,145.78,2025-09-17,Tarjeta,Completada,False
335,116,23,Manual,Libros,1,97.58,97.58,2025-09-17,Tarjeta,Completada,False
618,59,17,Pesas,Deportes,2,575.61,1151.22,2025-09-17,Efectivo,Completada,False
266,131,19,Balón,Deportes,4,85.13,340.52,2025-09-17,Tarjeta,Pendiente,False
494,51,4,Auriculares,Electrónica,2,243.49,486.98,2025-09-17,Tarjeta,Completada,False
662,165,19,Balón,Deportes,1,85.13,85.13,2025-09-19,Transferencia,Completada,False
579,157,19,Balón,Deportes,1,85.13,85.13,2025-09-19,Efectivo,Completada,True
44,117,19,Balón,Deportes,1,85.13,85.13,2025-09-19,Efectivo,Completada,False
954,190,24,Cómic,Libros,2,17.09,34.18,2025-09-20,Transferencia,Completada,False
486,97,23,Manual,Libros,2,97.58,195.16,2025-09-21,Tarjeta,Completada,False
192,9,10,Estantería,Hogar,2,587.01,1174.02,2025-09-21,Tarjeta,Completada,False
1,83,21,Novela,Libros,4,82.64,330.56,2025-09-21,Tarjeta,Completada,True
974,177,11,Camiseta,Ropa,1,172.58,172.58,2025-09-22,Tarjeta,Completada,False
26,183,4,Auriculares,Electrónica,2,243.49,486.98,2025-09-22,Tarjeta,Completada,False
228,145,18,Esterilla,Deportes,2,88.26,176.52,2025-09-22,Tarjeta,Completada,False
600,47,8,Silla,Hogar,1,224.5,224.5,2025-09-22,Efectivo,Completada,False
768,87,14,Chaqueta,Ropa,2,232.47,464.94,2025-09-22,Tarjeta,Completada,False
252,4,10,Estantería,Hogar,1,587.01,587.01,2025-09-23,Tarjeta,Completada,False
882,43,16,Bicicleta,Deportes,4,188.39,753.56,2025-09-23,Efectivo,Completada,False
722,89,12,Pantalón,Ropa,2,145.78,291.56,2025-09-23,Efectivo,Completada,False
509,30,13,Vestido,Ropa,1,246.64,246.64,2025-09-23,Tarjeta,Completada,False
665,142,15,Zapatos,Ropa,2,215.48,430.96,2025-09-23,Tarjeta,Pendiente,False
545,138,6,Sofá,Hogar,1,492.87,492.87,2025-09-24,Tarjeta,Completada,False
183,164,12,Pantalón,Ropa,5,145.78,728.9,2025-09-24,Efectivo,Pendiente,False
995,121,24,Cómic,Libros,1,17.09,17.09,2025-09-24,Transferencia,Completada,False
80,95,1,Smartphone,Electrónica,1,995.2,995.2,2025-09-24,Tarjeta,Completada,False
926,40,25,Revista,Libros,2,84.65,169.3,2025-09-24,Tarjeta,Completada,False
428,115,4,Auriculares,Electrónica,1,243.49,243.49,2025-09-24,Tarjeta,Completada,False
996,116,24,Cómic,Libros,2,17.09,34.18,2025-09-24,Tarjeta,Completada,True
274,30,10,Estantería,Hogar,1,587.01,587.01,2025-09-24,Transferencia,Completada,False
169,10,6,Sofá,Hogar,2,492.87,985.74,2025-09-25,Transferencia,Completada,False
861,106,12,Pantalón,Ropa,2,145.78,291.56,2025-09-25,Tarjeta,Devuelta,False
148,184,4,Auriculares,Electrónica,5,243.49,1217.45,2025-09-25,Tarjeta,Completada,False
799,14,4,Auriculares,Electrónica,3,243.49,730.47,2025-09-25,PayPal,Completada,False
199,9,22,Ensayo,Libros,3,51.35,154.05,2025-09-26,Efectivo,Cancelada,False
946,128,15,Zapatos,Ropa,5,215.48,1077.4,2025-09-26,Tarjeta,Completada,False
495,189,16,Bicicleta,Deportes,4,188.39,753.56,2025-09-27,Efectivo,Completada,False
193,199,21,Novela,Libros,1,82.64,82.64,2025-09-27,Tarjeta,Pendiente,False
530,145,10,Estantería,Hogar,2,587.01,1174.02,2025-09-28,Transferencia,Completada,True
265,43,23,Manual,Libros,1,97.58,97.58,2025-09-28,Efectivo,Completada,False
743,183,14,Chaqueta,Ropa,2,232.47,464.94,2025-09-28,Tarjeta,Completada,False
197,197,18,Esterilla,Deportes,1,88.26,88.26,2025-09-29,Tarjeta,Completada,False
297,148,7,Mesa,Hogar,2,72.35,144.7,2025-09-29,Tarjeta,Completada,False
554,59,22,Ensayo,Libros,1,51.35,51.35,2025-09-29,Transferencia,Completada,False
609,156,4,Auriculares,Electrónica,2,243.49,486.98,2025-09-29,Tarjeta,Completada,False
206,172,22,Ensayo,Libros,5,51.35,256.75,2025-09-30,Tarjeta,Completada,False
959,9,10,Estantería,Hogar,1,587.01,587.01,2025-09-30,Efectivo,Completada,False
993,41,23,Manual,Libros,1,97.58,97.58,2025-09-30,Tarjeta,Completada,False
17,131,13,Vestido,Ropa,4,246.64,986.56,2025-09-30,Efectivo,Completada,False
88,40,10,Estantería,Hogar,3,587.01,1761.03,2025-10-01,Tarjeta,Completada,False
41,136,24,Cómic,Libros,2,17.09,34.18,2025-10-02,Tarjeta,Completada,False
742,20,9,Lámpara,Hogar,2,69.9,139.8,2025-10-02,Tarjeta,Pendiente,True
733,91,12,Pantalón,Ropa,4,145.78,583.12,2025-10-04,Tarjeta,Pendiente,False
362,154,2,Laptop,Electrónica,1,1138.17,1138.17,2025-10-04,Efectivo,Completada,False
855,185,10,Estantería,Hogar,1,587.01,587.01,2025-10-04,Efectivo,Pendiente,False
847,160,14,Chaqueta,Ropa,3,232.47,697.41,2025-10-04,Tarjeta,Completada,False
46,99,3,Tablet,Electrónica,1,412.5,412.5,2025-10-05,Transferencia,Completada,False
686,36,23,Manual,Libros,2,97.58,195.16,2025-10-06,Efectivo,Completada,False
72,170,6,Sofá,Hogar,1,492.87,492.87,2025-10-06,Tarjeta,Completada,False
263,194,7,Mesa,Hogar,1,72.35,72.35,2025-10-06,Efectivo,Completada,True
561,26,10,Estantería,Hogar,2,587.01,1174.02,2025-10-06,Tarjeta,Completada,True
901,73,6,Sofá,Hogar,1,492.87,492.87,2025-10-07,Tarjeta,Cancelada,False
53,86,5,Smartwatch,Electrónica,1,1349.05,1349.05,2025-10-07,Tarjeta,Completada,False
721,145,20,Raqueta,Deportes,2,226.05,452.1,2025-10-08,Transferencia,Pendiente,False
691,69,13,Vestido,Ropa,1,246.64,246.64,2025-10-08,Tarjeta,Devuelta,False
435,82,24,Cómic,Libros,1,17.09,17.09,2025-10-08,Efectivo,Completada,False
293,114,23,Manual,Libros,1,97.58,97.58,2025-10-09,Tarjeta,Completada,True
664,109,9,Lámpara,Hogar,2,69.9,139.8,2025-10-09,Efectivo,Cancelada,False
660,139,16,Bicicleta,Deportes,3,188.39,565.17,2025-10-10,Transferencia,Completada,False
792,85,24,Cómic,Libros,1,17.09,17.09,2025-10-10,Tarjeta,Completada,False
994,95,10,Estantería,Hogar,2,587.01,1174.02,2025-10-10,Transferencia,Completada,False
423,34,25,Revista,Libros,2,84.65,169.3,2025-10-11,Tarjeta,Devuelta,False
365,31,6,Sofá,Hogar,1,492.87,492.87,2025-10-12,Tarjeta,Completada,False
58,42,2,Laptop,Electrónica,2,1138.17,2276.34,2025-10-12,Tarjeta,Pendiente,False
865,116,18,Esterilla,Deportes,1,88.26,88.26,2025-10-12,Tarjeta,Completada,False
916,136,18,Esterilla,Deportes,2,88.26,176.52,2025-10-12,PayPal,Completada,False
298,82,2,Laptop,Electrónica,1,1138.17,1138.17,2025-10-12,Tarjeta,Pendiente,True
953,191,4,Auriculares,Electrónica,1,243.49,243.49,2025-10-13,Tarjeta,Completada,False
724,71,12,Pantalón,Ropa,1,145.78,145.78,2025-10-13,Tarjeta,Completada,False
524,93,10,Estantería,Hogar,1,587.01,587.01,2025-10-13,Transferencia,Completada,False
513,100,23,Manual,Libros,1,97.58,97.58,2025-10-13,Tarjeta,Completada,False
112,38,3,Tablet,Electrónica,1,412.5,412.5,2025-10-13,Tarjeta,Completada,False
822,65,12,Pantalón,Ropa,1,145.78,145.78,2025-10-13,Transferencia,Completada,False
898,21,21,Novela,Libros,1,82.64,82.64,2025-10-14,Transferencia,Completada,False
795,180,16,Bicicleta,Deportes,1,188.39,188.39,2025-10-14,Tarjeta,Completada,False
34,104,14,Chaqueta,Ropa,1,232.47,232.47,2025-10-14,Tarjeta,Completada,False
353,26,18,Esterilla,Deportes,1,88.26,88.26,2025-10-15,Tarjeta,Completada,False
978,96,10,Estantería,Hogar,3,587.01,1761.03,2025-10-15,PayPal,Completada,False
95,38,3,Tablet,Electrónica,5,412.5,2062.5,2025-10-16,Tarjeta,Completada,False
517,108,7,Mesa,Hogar,2,72.35,144.7,2025-10-16,Transferencia,Completada,False
969,18,7,Mesa,Hogar,1,72.35,72.35,2025-10-16,Tarjeta,Completada,False
309,27,24,Cómic,Libros,1,17.09,17.09,2025-10-16,Efectivo,Completada,False
507,65,3,Tablet,Electrónica,1,412.5,412.5,2025-10-17,Tarjeta,Completada,True
728,28,2,Laptop,Electrónica,2,1138.17,2276.34,2025-10-17,Tarjeta,Completada,False
845,83,18,Esterilla,Deportes,2,88.26,176.52,2025-10-18,Tarjeta,Completada,False
890,158,13,Vestido,Ropa,2,246.64,493.28,2025-10-18,Efectivo,Completada,False
189,16,18,Esterilla,Deportes,1,88.26,88.26,2025-10-18,Efectivo,Completada,True
75,155,15,Zapatos,Ropa,1,215.48,215.48,2025-10-18,Efectivo,Completada,False
490,81,9,Lámpara,Hogar,1,69.9,69.9,2025-10-19,Tarjeta,Completada,False
51,172,16,Bicicleta,Deportes,3,188.39,565.17,2025-10-19,Efectivo,Completada,False
441,76,12,Pantalón,Ropa,1,145.78,145.78,2025-10-19,Tarjeta,Completada,False
130,114,16,Bicicleta,Deportes,3,188.39,565.17,2025-10-19,Tarjeta,Completada,False
838,145,3,Tablet,Electrónica,5,412.5,2062.5,2025-10-20,Tarjeta,Completada,False
449,70,7,Mesa,Hogar,1,72.35,72.35,2025-10-20,Tarjeta,Completada,False
352,110,3,Tablet,Electrónica,4,412.5,1650.0,2025-10-20,Transferencia,Completada,False
417,73,15,Zapatos,Ropa,3,215.48,646.44,2025-10-20,Tarjeta,Completada,False
967,143,4,Auriculares,Electrónica,4,243.49,973.96,2025-10-22,Efectivo,Completada,False
74,66,10,Estantería,Hogar,2,587.01,1174.02,2025-10-22,Transferencia,Completada,False
620,27,5,Smartwatch,Electrónica,1,1349.05,1349.05,2025-10-23,Transferencia,Completada,True
803,18,10,Estantería,Hogar,1,587.01,587.01,2025-10-23,Tarjeta,Completada,False
949,60,19,Balón,Deportes,1,85.13,85.13,2025-10-24,Transferencia,Completada,False
815,184,16,Bicicleta,Deportes,1,188.39,188.39,2025-10-24,Efectivo,Completada,False
276,132,12,Pantalón,Ropa,1,145.78,145.78,2025-10-25,Tarjeta,Completada,False
547,168,17,Pesas,Deportes,5,575.61,2878.05,2025-10-25,PayPal,Completada,False
997,58,10,Estantería,Hogar,1,587.01,587.01,2025-10-25,PayPal,Completada,False
118,196,24,Cómic,Libros,2,17.09,34.18,2025-10-27,Tarjeta,Completada,False
642,147,2,Laptop,Electrónica,4,1138.17,4552.68,2025-10-28,Tarjeta,Completada,False
487,58,23,Manual,Libros,1,97.58,97.58,2025-10-28,Tarjeta,Completada,False
846,149,6,Sofá,Hogar,1,492.87,492.87,2025-10-28,Tarjeta,Completada,False
634,159,1,Smartphone,Electrónica,4,995.2,3980.8,2025-10-28,Tarjeta,Completada,False
615,150,18,Esterilla,Deportes,1,88.26,88.26,2025-10-29,Tarjeta,Completada,False
702,70,2,Laptop,Electrónica,1,1138.17,1138.17,2025-10-30,Efectivo,Completada,False
700,31,5,Smartwatch,Electrónica,1,1349.05,1349.05,2025-10-31,Tarjeta,Devuelta,False
591,96,12,Pantalón,Ropa,1,145.78,145.78,2025-10-31,Efectivo,Pendiente,True
842,89,15,Zapatos,Ropa,1,215.48,215.48,2025-10-31,Tarjeta,Completada,False
499,37,16,Bicicleta,Deportes,1,188.39,188.39,2025-10-31,Tarjeta,Completada,True
476,38,11,Camiseta,Ropa,1,172.58,172.58,2025-11-01,Tarjeta,Completada,False
915,160,8,Silla,Hogar,3,224.5,673.5,2025-11-01,Tarjeta,Completada,False
415,109,16,Bicicleta,Deportes,5,188.39,941.95,2025-11-01,Transferencia,Completada,False
773,52,13,Vestido,Ropa,1,246.64,246.64,2025-11-02,Tarjeta,Completada,False
907,194,25,Revista,Libros,2,84.65,169.3,2025-11-02,Tarjeta,Completada,False
713,58,21,Novela,Libros,2,82.64,165.28,2025-11-02,Transferencia,Completada,False
412,155,18,Esterilla,Deportes,5,88.26,441.3,2025-11-02,Tarjeta,Completada,False
260,190,21,Novela,Libros,3,82.64,247.92,2025-11-02,PayPal,Completada,False
643,156,9,Lámpara,Hogar,3,69.9,209.7,2025-11-02,Tarjeta,Completada,False
254,83,9,Lámpara,Hogar,3,69.9,209.7,2025-11-03,Tarjeta,Completada,False
388,153,7,Mesa,Hogar,2,72.35,144.7,2025-11-03,Tarjeta,Completada,True
623,48,21,Novela,Libros,2,82.64,165.28,2025-11-04,Tarjeta,Completada,False
295,125,19,Balón,Deportes,3,85.13,255.39,2025-11-04,Tarjeta,Completada,False
922,31,4,Auriculares,Electrónica,5,243.49,1217.45,2025-11-05,Tarjeta,Completada,True
808,199,21,Novela,Libros,1,82.64,82.64,2025-11-05,Tarjeta,Completada,False
708,143,22,Ensayo,Libros,5,51.35,256.75,2025-11-05,Efectivo,Completada,False
866,2,19,Balón,Deportes,1,85.13,85.13,2025-11-06,Transferencia,Completada,False
264,112,22,Ensayo,Libros,1,51.35,51.35,2025-11-06,Tarjeta,Completada,False
759,83,8,Silla,Hogar,4,224.5,898.0,2025-11-07,Tarjeta,Completada,False
784,27,24,Cómic,Libros,1,17.09,17.09,2025-11-07,Tarjeta,Completada,False
560,20,12,Pantalón,Ropa,1,145.78,145.78,2025-11-08,Tarjeta,Completada,False
736,42,11,Camiseta,Ropa,1,172.58,172.58,2025-11-08,Efectivo,Completada,False
229,79,1,Smartphone,Electrónica,1,995.2,995.2,2025-11-08,Transferencia,Completada,False
772,131,5,Smartwatch,Electrónica,2,1349.05,2698.1,2025-11-08,Transferencia,Completada,False
645,147,2,Laptop,Electrónica,1,1138.17,1138.17,2025-11-08,Tarjeta,Pendiente,False
478,6,19,Balón,Deportes,1,85.13,85.13,2025-11-09,Tarjeta,Completada,False
361,157,4,Auriculares,Electrónica,2,243.49,486.98,2025-11-09,Tarjeta,Completada,True
59,195,3,Tablet,Electrónica,2,412.5,825.0,2025-11-09,Efectivo,Completada,False
186,17,18,Esterilla,Deportes,1,88.26,88.26,2025-11-09,Tarjeta,Completada,False
20,81,15,Zapatos,Ropa,1,215.48,215.48,2025-11-09,Efectivo,Completada,False
136,27,13,Vestido,Ropa,3,246.64,739.92,2025-11-09,Tarjeta,Completada,False
952,200,25,Revista,Libros,1,84.65,84.65,2025-11-09,Tarjeta,Completada,False
90,143,18,Esterilla,Deportes,1,88.26,88.26,2025-11-10,Efectivo,Completada,True
334,17,13,Vestido,Ropa,1,246.64,246.64,2025-11-10,Tarjeta,Completada,False
506,77,2,Laptop,Electrónica,3,1138.17,3414.51,2025-11-10,Tarjeta,Completada,False
347,33,8,Silla,Hogar,1,224.5,224.5,2025-11-11,Tarjeta,Pendiente,True
551,102,17,Pesas,Deportes,4,575.61,2302.44,2025-11-11,Tarjeta,Completada,False
755,64,13,Vestido,Ropa,4,246.64,986.56,2025-11-11,PayPal,Completada,False
345,136,15,Zapatos,Ropa,2,215.48,430.96,2025-11-12,Tarjeta,Completada,False
48,47,3,Tablet,Electrónica,1,412.5,412.5,2025-11-12,Efectivo,Completada,False
992,163,20,Raqueta,Deportes,1,226.05,226.05,2025-11-12,Transferencia,Pendiente,False
789,194,13,Vestido,Ropa,5,246.64,1233.2,2025-11-12,Efectivo,Completada,False
873,129,15,Zapatos,Ropa,3,215.48,646.44,2025-11-13,Transferencia,Completada,False
567,113,21,Novela,Libros,1,82.64,82.64,2025-11-13,Tarjeta,Completada,False
217,72,12,Pantalón,Ropa,2,145.78,291.56,2025-11-13,Transferencia,Completada,False
135,44,16,Bicicleta,Deportes,3,188.39,565.17,2025-11-14,Tarjeta,Pendiente,False
145,42,20,Raqueta,Deportes,4,226.05,904.2,2025-11-14,Tarjeta,Cancelada,False
307,27,13,Vestido,Ropa,2,246.64,493.28,2025-11-14,Efectivo,Completada,False
176,111,14,Chaqueta,Ropa,1,232.47,232.47,2025-11-14,Tarjeta,Completada,True
832,170,18,Esterilla,Deportes,1,88.26,88.26,2025-11-14,Tarjeta,Completada,False
552,54,11,Camiseta,Ropa,2,172.58,345.16,2025-11-14,Tarjeta,Completada,False
939,8,16,Bicicleta,Deportes,1,188.39,188.39,2025-11-14,Tarjeta,Pendiente,False
540,52,6,Sofá,Hogar,2,492.87,985.74,2025-11-14,Tarjeta,Completada,False
437,133,25,Revista,Libros,2,84.65,169.3,2025-11-15,Transferencia,Completada,False
422,137,19,Balón,Deportes,2,85.13,170.26,2025-11-15,Transferencia,Completada,False
783,15,23,Manual,Libros,1,97.58,97.58,2025-11-15,Transferencia,Completada,False
627,159,7,Mesa,Hogar,2,72.35,144.7,2025-11-16,Tarjeta,Completada,False
475,80,15,Zapatos,Ropa,1,215.48,215.48,2025-11-17,Tarjeta,Completada,False
16,199,22,Ensayo,Libros,3,51.35,154.05,2025-11-17,Tarjeta,Completada,True
253,68,19,Balón,Deportes,1,85.13,85.13,2025-11-17,Tarjeta,Completada,False
827,107,23,Manual,Libros,5,97.58,487.9,2025-11-18,Tarjeta,Completada,True
603,5,7,Mesa,Hogar,1,72.35,72.35,2025-11-18,Transferencia,Completada,False
60,120,17,Pesas,Deportes,1,575.61,575.61,2025-11-18,Efectivo,Completada,False
825,93,16,Bicicleta,Deportes,5,188.39,941.95,2025-11-19,Tarjeta,Completada,False
804,143,14,Chaqueta,Ropa,1,232.47,232.47,2025-11-19,Tarjeta,Completada,True
674,153,14,Chaqueta,Ropa,4,232.47,929.88,2025-11-19,Efectivo,Completada,False
155,181,16,Bicicleta,Deportes,2,188.39,376.78,2025-11-20,Tarjeta,Cancelada,False
869,199,24,Cómic,Libros,1,17.09,17.09,2025-11-20,PayPal,Devuelta,False
70,147,24,Cómic,Libros,1,17.09,17.09,2025-11-20,Tarjeta,Completada,False
185,143,15,Zapatos,Ropa,1,215.48,215.48,2025-11-21,Efectivo,Completada,False
607,13,23,Manual,Libros,1,97.58,97.58,2025-11-22,Tarjeta,Cancelada,False
472,88,25,Revista,Libros,4,84.65,338.6,2025-11-22,Tarjeta,Completada,False
886,73,5,Smartwatch,Electrónica,4,1349.05,5396.2,2025-11-22,Transferencia,Completada,False
717,198,8,Silla,Hogar,1,224.5,224.5,2025-11-23,Tarjeta,Completada,False
885,130,24,Cómic,Libros,3,17.09,51.27,2025-11-23,Tarjeta,Completada,False
654,173,17,Pesas,Deportes,5,575.61,2878.05,2025-11-24,Efectivo,Completada,False
471,2,2,Laptop,Electrónica,1,1138.17,1138.17,2025-11-24,Tarjeta,Completada,True
685,42,2,Laptop,Electrónica,4,1138.17,4552.68,2025-11-24,Tarjeta,Cancelada,False
420,142,14,Chaqueta,Ropa,2,232.47,464.94,2025-11-25,Efectivo,Cancelada,False
138,129,10,Estantería,Hogar,4,587.01,2348.04,2025-11-25,Tarjeta,Completada,False
816,172,15,Zapatos,Ropa,5,215.48,1077.4,2025-11-25,Transferencia,Completada,False
87,136,20,Raqueta,Deportes,2,226.05,452.1,2025-11-25,Tarjeta,Completada,False
780,68,17,Pesas,Deportes,2,575.61,1151.22,2025-11-26,Tarjeta,Completada,False
749,90,7,Mesa,Hogar,5,72.35,361.75,2025-11-26,Tarjeta,Completada,False
672,130,15,Zapatos,Ropa,1,215.48,215.48,2025-11-27,Transferencia,Completada,False
580,72,18,Esterilla,Deportes,5,88.26,441.3,2025-11-27,Tarjeta,Completada,False
934,168,12,Pantalón,Ropa,5,145.78,728.9,2025-11-27,Tarjeta,Completada,False
533,57,25,Revista,Libros,5,84.65,423.25,2025-11-28,Tarjeta,Completada,False
296,148,12,Pantalón,Ropa,2,145.78,291.56,2025-11-28,Transferencia,Completada,False
355,55,24,Cómic,Libros,3,17.09,51.27,2025-11-30,Efectivo,Completada,True
156,145,11,Camiseta,Ropa,3,172.58,517.74,2025-11-30,Tarjeta,Completada,False
128,136,21,Novela,Libros,1,82.64,82.64,2025-11-30,Tarjeta,Cancelada,False
19,174,19,Balón,Deportes,1,85.13,85.13,2025-12-01,Efectivo,Completada,False
648,72,6,Sofá,Hogar,1,492.87,492.87,2025-12-01,Tarjeta,Completada,False
166,39,1,Smartphone,Electrónica,1,995.2,995.2,2025-12-02,PayPal,Completada,False
221,68,16,Bicicleta,Deportes,2,188.39,376.78,2025-12-02,Efectivo,Completada,False
141,123,25,Revista,Libros,1,84.65,84.65,2025-12-02,Tarjeta,Devuelta,False
443,130,19,Balón,Deportes,1,85.13,85.13,2025-12-03,Tarjeta,Completada,False
279,141,6,Sofá,Hogar,1,492.87,492.87,2025-12-03,Tarjeta,Completada,False
21,179,21,Novela,Libros,2,82.64,165.28,2025-12-03,Efectivo,Completada,False
120,94,5,Smartwatch,Electrónica,4,1349.05,5396.2,2025-12-03,Efectivo,Completada,False
704,76,20,Raqueta,Deportes,1,226.05,226.05,2025-12-04,Tarjeta,Completada,False
912,56,6,Sofá,Hogar,2,492.87,985.74,2025-12-04,Tarjeta,Completada,False
727,189,9,Lámpara,Hogar,3,69.9,209.7,2025-12-04,Tarjeta,Completada,False
999,114,6,Sofá,Hogar,1,492.87,492.87,2025-12-05,Tarjeta,Completada,False
25,102,5,Smartwatch,Electrónica,1,1349.05,1349.05,2025-12-05,Tarjeta,Cancelada,False
290,177,6,Sofá,Hogar,2,492.87,985.74,2025-12-05,Tarjeta,Completada,False
370,111,15,Zapatos,Ropa,2,215.48,430.96,2025-12-05,Efectivo,Completada,False
760,107,1,Smartphone,Electrónica,5,995.2,4976.0,2025-12-05,Transferencia,Completada,False
657,99,18,Esterilla,Deportes,4,88.26,353.04,2025-12-06,Transferencia,Completada,True
210,113,14,Chaqueta,Ropa,4,232.47,929.88,2025-12-06,Tarjeta,Completada,False
250,118,15,Zapatos,Ropa,4,215.48,861.92,2025-12-06,Tarjeta,Completada,True
205,76,2,Laptop,Electrónica,1,1138.17,1138.17,2025-12-06,Transferencia,Pendiente,False
811,91,12,Pantalón,Ropa,5,145.78,728.9,2025-12-07,Transferencia,Completada,False
512,124,11,Camiseta,Ropa,1,172.58,172.58,2025-12-07,Efectivo,Completada,False
628,149,10,Estantería,Hogar,3,587.01,1761.03,2025-12-07,Transferencia,Completada,False
163,146,9,Lámpara,Hogar,1,69.9,69.9,2025-12-08,Efectivo,Completada,False
292,54,13,Vestido,Ropa,1,246.64,246.64,2025-12-08,Tarjeta,Completada,False
741,155,7,Mesa,Hogar,3,72.35,217.05,2025-12-08,Efectivo,Completada,False
110,141,13,Vestido,Ropa,2,246.64,493.28,2025-12-08,Tarjeta,Completada,False
534,184,24,Cómic,Libros,2,17.09,34.18,2025-12-08,Transferencia,Completada,False
147,134,23,Manual,Libros,1,97.58,97.58,2025-12-09,Tarjeta,Completada,False
598,111,20,Raqueta,Deportes,1,226.05,226.05,2025-12-09,Efectivo,Pendiente,False
429,29,4,Auriculares,Electrónica,2,243.49,486.98,2025-12-09,Efectivo,Completada,False
875,83,24,Cómic,Libros,1,17.09,17.09,2025-12-09,Tarjeta,Completada,False
723,164,8,Silla,Hogar,2,224.5,449.0,2025-12-09,Tarjeta,Completada,False
501,156,24,Cómic,Libros,1,17.09,17.09,2025-12-10,Tarjeta,Cancelada,False
909,132,4,Auriculares,Electrónica,2,243.49,486.98,2025-12-11,Tarjeta,Devuelta,False
703,134,7,Mesa,Hogar,2,72.35,144.7,2025-12-11,Tarjeta,Completada,False
497,160,16,Bicicleta,Deportes,1,188.39,188.39,2025-12-12,Efectivo,Completada,False
301,57,2,Laptop,Electrónica,1,1138.17,1138.17,2025-12-12,Tarjeta,Completada,False
466,93,14,Chaqueta,Ropa,1,232.47,232.47,2025-12-12,Transferencia,Devuelta,False
57,12,15,Zapatos,Ropa,2,215.48,430.96,2025-12-13,Efectivo,Completada,False
778,108,20,Raqueta,Deportes,3,226.05,678.15,2025-12-13,Tarjeta,Completada,False
457,158,23,Manual,Libros,5,97.58,487.9,2025-12-13,Transferencia,Completada,False
638,96,7,Mesa,Hogar,1,72.35,72.35,2025-12-14,Tarjeta,Cancelada,False
152,68,2,Laptop,Electrónica,1,1138.17,1138.17,2025-12-14,Transferencia,Completada,True
397,1,23,Manual,Libros,1,97.58,97.58,2025-12-14,Tarjeta,Devuelta,False
272,157,23,Manual,Libros,5,97.58,487.9,2025-12-15,Tarjeta,Completada,False
732,10,24,Cómic,Libros,1,17.09,17.09,2025-12-16,Tarjeta,Completada,False
818,5,7,Mesa,Hogar,1,72.35,72.35,2025-12-16,Efectivo,Completada,False
644,109,8,Silla,Hogar,1,224.5,224.5,2025-12-16,Tarjeta,Completada,False
867,113,18,Esterilla,Deportes,2,88.26,176.52,2025-12-16,Tarjeta,Cancelada,False
798,9,22,Ensayo,Libros,5,51.35,256.75,2025-12-16,Transferencia,Completada,False
731,189,23,Manual,Libros,1,97.58,97.58,2025-12-16,Transferencia,Completada,False
801,124,24,Cómic,Libros,1,17.09,17.09,2025-12-17,Tarjeta,Completada,False
852,60,5,Smartwatch,Electrónica,2,1349.05,2698.1,2025-12-18,Transferencia,Completada,True
570,29,7,Mesa,Hogar,1,72.35,72.35,2025-12-18,Tarjeta,Completada,False
751,5,13,Vestido,Ropa,2,246.64,493.28,2025-12-19,Transferencia,Completada,False
529,152,16,Bicicleta,Deportes,2,188.39,376.78,2025-12-19,Tarjeta,Completada,False
956,155,24,Cómic,Libros,1,17.09,17.09,2025-12-19,Tarjeta,Completada,False
613,117,21,Novela,Libros,2,82.64,165.28,2025-12-20,Tarjeta,Pendiente,False
213,20,7,Mesa,Hogar,1,72.35,72.35,2025-12-21,Efectivo,Completada,False
10,150,7,Mesa,Hogar,4,72.35,289.4,2025-12-21,Tarjeta,Pendiente,False
333,20,1,Smartphone,Electrónica,2,995.2,1990.4,2025-12-21,Tarjeta,Completada,True
608,105,12,Pantalón,Ropa,1,145.78,145.78,2025-12-22,Transferencia,Pendiente,False
13,97,8,Silla,Hogar,3,224.5,673.5,2025-12-22,Tarjeta,Completada,True
581,62,25,Revista,Libros,1,84.65,84.65,2025-12-22,Efectivo,Completada,False
419,147,14,Chaqueta,Ropa,1,232.47,232.47,2025-12-22,Tarjeta,Completada,False
602,124,20,Raqueta,Deportes,2,226.05,452.1,2025-12-23,Tarjeta,Completada,False
836,193,20,Raqueta,Deportes,1,226.05,226.05,2025-12-24,Efectivo,Completada,False
849,133,4,Auriculares,Electrónica,1,243.49,243.49,2025-12-24,Tarjeta,Completada,True
596,36,19,Balón,Deportes,1,85.13,85.13,2025-12-24,Tarjeta,Completada,True
318,21,5,Smartwatch,Electrónica,5,1349.05,6745.25,2025-12-24,Tarjeta,Completada,True
258,118,21,Novela,Libros,1,82.64,82.64,2025-12-25,Tarjeta,Completada,False
737,108,15,Zapatos,Ropa,1,215.48,215.48,2025-12-25,Tarjeta,Completada,False
56,27,20,Raqueta,Deportes,1,226.05,226.05,2025-12-25,Tarjeta,Completada,False
408,27,11,Camiseta,Ropa,4,172.58,690.32,2025-12-25,PayPal,Pendiente,False
425,172,5,Smartwatch,Electrónica,3,1349.05,4047.15,2025-12-25,Tarjeta,Pendiente,False
285,175,11,Camiseta,Ropa,2,172.58,345.16,2025-12-26,Tarjeta,Completada,False
895,180,7,Mesa,Hogar,4,72.35,289.4,2025-12-27,Efectivo,Completada,False
610,25,10,Estantería,Hogar,1,587.01,587.01,2025-12-27,Transferencia,Completada,False
102,84,15,Zapatos,Ropa,1,215.48,215.48,2025-12-29,Efectivo,Completada,False
398,9,6,Sofá,Hogar,5,492.87,2464.35,2025-12-29,Tarjeta,Completada,False
389,16,8,Silla,Hogar,2,224.5,449.0,2025-12-29,Tarjeta,Completada,True
50,55,6,Sofá,Hogar,5,492.87,2464.35,2025-12-29,Tarjeta,Completada,True
63,198,22,Ensayo,Libros,2,51.35,102.7,2025-12-29,Transferencia,Completada,False
864,124,23,Manual,Libros,1,97.58,97.58,2025-12-30,Transferencia,Completada,False
107,154,2,Laptop,Electrónica,1,1138.17,1138.17,2025-12-30,Tarjeta,Completada,False
629,76,8,Silla,Hogar,3,224.5,673.5,2025-12-31,PayPal,Completada,False
327,162,24,Cómic,Libros,1,17.09,17.09,2026-01-01,Tarjeta,Cancelada,True
523,106,14,Chaqueta,Ropa,2,232.47,464.94,2026-01-01,Transferencia,Completada,False
770,7,25,Revista,Libros,1,84.65,84.65,2026-01-03,Efectivo,Completada,False
872,157,10,Estantería,Hogar,1,587.01,587.01,2026-01-03,Tarjeta,Completada,False
117,150,5,Smartwatch,Electrónica,1,1349.05,1349.05,2026-01-03,Transferencia,Completada,False
856,158,1,Smartphone,Electrónica,1,995.2,995.2,2026-01-03,PayPal,Completada,False
281,8,24,Cómic,Libros,2,17.09,34.18,2026-01-04,Transferencia,Completada,False
124,172,10,Estantería,Hogar,1,587.01,587.01,2026-01-04,Tarjeta,Completada,False
395,152,23,Manual,Libros,2,97.58,195.16,2026-01-04,Efectivo,Completada,False
878,70,5,Smartwatch,Electrónica,1,1349.05,1349.05,2026-01-05,Tarjeta,Pendiente,True
256,135,20,Raqueta,Deportes,1,226.05,226.05,2026-01-05,Tarjeta,Completada,False
227,175,22,Ensayo,Libros,1,51.35,51.35,2026-01-05,Transferencia,Completada,True
559,176,24,Cómic,Libros,1,17.09,17.09,2026-01-06,Tarjeta,Completada,True
484,30,17,Pesas,Deportes,2,575.61,1151.22,2026-01-06,Tarjeta,Completada,False
286,96,15,Zapatos,Ropa,3,215.48,646.44,2026-01-06,Tarjeta,Completada,False
151,173,24,Cómic,Libros,2,17.09,34.18,2026-01-07,Efectivo,Completada,False
537,70,7,Mesa,Hogar,2,72.35,144.7,2026-01-07,Transferencia,Pendiente,False
257,109,11,Camiseta,Ropa,2,172.58,345.16,2026-01-07,Tarjeta,Pendiente,False
968,80,15,Zapatos,Ropa,1,215.48,215.48,2026-01-07,Tarjeta,Completada,False
747,15,8,Silla,Hogar,1,224.5,224.5,2026-01-07,Transferencia,Pendiente,False
354,83,24,Cómic,Libros,1,17.09,17.09,2026-01-08,Tarjeta,Completada,False
30,152,25,Revista,Libros,1,84.65,84.65,2026-01-08,Efectivo,Completada,True
793,56,1,Smartphone,Electrónica,3,995.2,2985.6,2026-01-08,Efectivo,Completada,False
750,149,16,Bicicleta,Deportes,1,188.39,188.39,2026-01-08,Efectivo,Completada,False
413,81,22,Ensayo,Libros,1,51.35,51.35,2026-01-10,Efectivo,Completada,True
971,57,17,Pesas,Deportes,2,575.61,1151.22,2026-01-11,Tarjeta,Completada,False
958,174,1,Smartphone,Electrónica,1,995.2,995.2,2026-01-11,Tarjeta,Pendiente,False
781,141,25,Revista,Libros,4,84.65,338.6,2026-01-12,PayPal,Completada,False
280,64,13,Vestido,Ropa,2,246.64,493.28,2026-01-12,Tarjeta,Completada,False
656,71,16,Bicicleta,Deportes,1,188.39,188.39,2026-01-12,Tarjeta,Completada,False
380,143,8,Silla,Hogar,1,224.5,224.5,2026-01-12,PayPal,Completada,True
805,155,24,Cómic,Libros,1,17.09,17.09,2026-01-12,Tarjeta,Completada,False
300,194,20,Raqueta,Deportes,1,226.05,226.05,2026-01-13,Tarjeta,Completada,False
518,114,2,Laptop,Electrónica,2,1138.17,2276.34,2026-01-14,Transferencia,Completada,False
563,148,10,Estantería,Hogar,1,587.01,587.01,2026-01-14,Tarjeta,Completada,False
470,167,14,Chaqueta,Ropa,2,232.47,464.94,2026-01-14,Tarjeta,Completada,False
514,93,12,Pantalón,Ropa,2,145.78,291.56,2026-01-14,PayPal,Completada,False
33,19,5,Smartwatch,Electrónica,3,1349.05,4047.15,2026-01-14,PayPal,Completada,False
52,153,21,Novela,Libros,2,82.64,165.28,2026-01-15,PayPal,Completada,False
91,129,2,Laptop,Electrónica,1,1138.17,1138.17,2026-01-15,Tarjeta,Completada,False
888,28,18,Esterilla,Deportes,3,88.26,264.78,2026-01-16,Tarjeta,Completada,False
947,163,6,Sofá,Hogar,1,492.87,492.87,2026-01-16,PayPal,Pendiente,False
510,163,20,Raqueta,Deportes,1,226.05,226.05,2026-01-16,Tarjeta,Completada,False
268,146,20,Raqueta,Deportes,5,226.05,1130.25,2026-01-16,Transferencia,Completada,False
458,188,18,Esterilla,Deportes,1,88.26,88.26,2026-01-16,Efectivo,Pendiente,False
401,194,22,Ensayo,Libros,1,51.35,51.35,2026-01-17,Efectivo,Completada,True
479,10,13,Vestido,Ropa,3,246.64,739.92,2026-01-17,Tarjeta,Completada,True
394,200,14,Chaqueta,Ropa,1,232.47,232.47,2026-01-17,PayPal,Completada,False
86,66,14,Chaqueta,Ropa,2,232.47,464.94,2026-01-17,Efectivo,Completada,False
172,78,15,Zapatos,Ropa,2,215.48,430.96,2026-01-18,Tarjeta,Completada,False
222,134,24,Cómic,Libros,4,17.09,68.36,2026-01-18,Efectivo,Completada,False
903,60,20,Raqueta,Deportes,3,226.05,678.15,2026-01-19,Tarjeta,Completada,False
680,69,6,Sofá,Hogar,3,492.87,1478.61,2026-01-20,Tarjeta,Completada,False
49,95,12,Pantalón,Ropa,1,145.78,145.78,2026-01-20,Transferencia,Completada,False
67,143,3,Tablet,Electrónica,1,412.5,412.5,2026-01-20,Efectivo,Completada,True
569,149,15,Zapatos,Ropa,1,215.48,215.48,2026-01-20,Tarjeta,Completada,True
902,108,6,Sofá,Hogar,3,492.87,1478.61,2026-01-20,Tarjeta,Completada,False
451,102,18,Esterilla,Deportes,1,88.26,88.26,2026-01-21,Tarjeta,Completada,False
378,167,8,Silla,Hogar,1,224.5,224.5,2026-01-21,Tarjeta,Completada,False
445,59,8,Silla,Hogar,1,224.5,224.5,2026-01-21,Tarjeta,Completada,False
97,70,2,Laptop,Electrónica,1,1138.17,1138.17,2026-01-21,Tarjeta,Completada,False
985,138,11,Camiseta,Ropa,4,172.58,690.32,2026-01-21,Efectivo,Completada,False
964,147,4,Auriculares,Electrónica,1,243.49,243.49,2026-01-22,Tarjeta,Cancelada,False
233,23,21,Novela,Libros,2,82.64,165.28,2026-01-22,Efectivo,Completada,False
787,88,23,Manual,Libros,4,97.58,390.32,2026-01-22,Transferencia,Completada,False
167,130,16,Bicicleta,Deportes,1,188.39,188.39,2026-01-23,Tarjeta,Cancelada,False
589,48,13,Vestido,Ropa,1,246.64,246.64,2026-01-24,Tarjeta,Completada,False
734,63,24,Cómic,Libros,1,17.09,17.09,2026-01-24,Transferencia,Pendiente,False
179,3,9,Lámpara,Hogar,1,69.9,69.9,2026-01-24,Tarjeta,Completada,False
905,136,5,Smartwatch,Electrónica,1,1349.05,1349.05,2026-01-24,Efectivo,Cancelada,False
317,64,14,Chaqueta,Ropa,1,232.47,232.47,2026-01-25,Tarjeta,Completada,False
622,110,20,Raqueta,Deportes,1,226.05,226.05,2026-01-25,Tarjeta,Completada,False
4,43,14,Chaqueta,Ropa,2,232.47,464.94,2026-01-25,Tarjeta,Completada,False
162,94,15,Zapatos,Ropa,2,215.48,430.96,2026-01-25,Tarjeta,Completada,False
315,76,3,Tablet,Electrónica,2,412.5,825.0,2026-01-25,Tarjeta,Completada,False
522,30,13,Vestido,Ropa,4,246.64,986.56,2026-01-26,Efectivo,Pendiente,False
876,155,2,Laptop,Electrónica,2,1138.17,2276.34,2026-01-26,PayPal,Completada,False
28,59,5,Smartwatch,Electrónica,1,1349.05,1349.05,2026-01-26,Tarjeta,Completada,False
238,148,19,Balón,Deportes,2,85.13,170.26,2026-01-26,Tarjeta,Pendiente,False
519,123,15,Zapatos,Ropa,1,215.48,215.48,2026-01-27,Tarjeta,Completada,False
601,51,20,Raqueta,Deportes,1,226.05,226.05,2026-01-27,Tarjeta,Completada,False
584,153,19,Balón,Deportes,5,85.13,425.65,2026-01-27,Transferencia,Completada,False
411,147,9,Lámpara,Hogar,1,69.9,69.9,2026-01-28,Tarjeta,Completada,True
455,162,13,Vestido,Ropa,1,246.64,246.64,2026-01-28,Tarjeta,Completada,True
543,172,20,Raqueta,Deportes,5,226.05,1130.25,2026-01-28,Tarjeta,Completada,False
871,173,24,Cómic,Libros,2,17.09,34.18,2026-01-29,PayPal,Completada,False
8,124,3,Tablet,Electrónica,3,412.5,1237.5,2026-01-29,Tarjeta,Completada,False
975,133,19,Balón,Deportes,5,85.13,425.65,2026-01-30,Efectivo,Completada,False
692,28,17,Pesas,Deportes,1,575.61,575.61,2026-01-30,PayPal,Completada,False
113,186,11,Camiseta,Ropa,3,172.58,517.74,2026-01-31,Tarjeta,Completada,False
42,137,18,Esterilla,Deportes,5,88.26,441.3,2026-02-01,Transferencia,Completada,False
586,64,2,Laptop,Electrónica,2,1138.17,2276.34,2026-02-01,Tarjeta,Pendiente,False
848,48,22,Ensayo,Libros,1,51.35,51.35,2026-02-01,Tarjeta,Cancelada,False
548,3,4,Auriculares,Electrónica,3,243.49,730.47,2026-02-01,Tarjeta,Completada,False
89,52,22,Ensayo,Libros,2,51.35,102.7,2026-02-01,Tarjeta,Cancelada,True
488,32,19,Balón,Deportes,5,85.13,425.65,2026-02-01,Tarjeta,Cancelada,False
531,41,2,Laptop,Electrónica,1,1138.17,1138.17,2026-02-02,Tarjeta,Completada,False
104,16,3,Tablet,Electrónica,4,412.5,1650.0,2026-02-02,Efectivo,Completada,False
175,81,19,Balón,Deportes,2,85.13,170.26,2026-02-04,Efectivo,Completada,False
961,16,17,Pesas,Deportes,1,575.61,575.61,2026-02-04,Tarjeta,Completada,False
641,34,3,Tablet,Electrónica,1,412.5,412.5,2026-02-05,PayPal,Completada,True
491,80,12,Pantalón,Ropa,1,145.78,145.78,2026-02-05,Tarjeta,Completada,True
278,177,4,Auriculares,Electrónica,2,243.49,486.98,2026-02-05,Transferencia,Pendiente,False
305,88,8,Silla,Hogar,4,224.5,898.0,2026-02-05,Tarjeta,Completada,False
826,29,17,Pesas,Deportes,1,575.61,575.61,2026-02-05,PayPal,Completada,True
38,32,10,Estantería,Hogar,2,587.01,1174.02,2026-02-06,Efectivo,Completada,False
575,99,5,Smartwatch,Electrónica,2,1349.05,2698.1,2026-02-06,Efectivo,Pendiente,False
887,122,13,Vestido,Ropa,2,246.64,493.28,2026-02-06,Tarjeta,Completada,False
606,147,1,Smartphone,Electrónica,5,995.2,4976.0,2026-02-06,Efectivo,Completada,False
918,142,15,Zapatos,Ropa,1,215.48,215.48,2026-02-06,Transferencia,Completada,False
658,35,12,Pantalón,Ropa,2,145.78,291.56,2026-02-06,PayPal,Completada,False
262,148,6,Sofá,Hogar,1,492.87,492.87,2026-02-08,Efectivo,Completada,False
332,100,18,Esterilla,Deportes,1,88.26,88.26,2026-02-08,Tarjeta,Completada,False
446,140,1,Smartphone,Electrónica,2,995.2,1990.4,2026-02-08,Tarjeta,Pendiente,False
94,176,6,Sofá,Hogar,2,492.87,985.74,2026-02-09,Tarjeta,Completada,False
924,89,4,Auriculares,Electrónica,1,243.49,243.49,2026-02-09,Tarjeta,Completada,False
764,157,18,Esterilla,Deportes,3,88.26,264.78,2026-02-09,Transferencia,Pendiente,False
960,156,7,Mesa,Hogar,5,72.35,361.75,2026-02-09,Tarjeta,Pendiente,False
536,107,14,Chaqueta,Ropa,4,232.47,929.88,2026-02-09,Tarjeta,Completada,True
762,165,21,Novela,Libros,1,82.64,82.64,2026-02-10,Tarjeta,Completada,False
405,156,21,Novela,Libros,1,82.64,82.64,2026-02-10,Tarjeta,Completada,False
6,99,4,Auriculares,Electrónica,1,243.49,243.49,2026-02-10,Tarjeta,Pendiente,False
324,113,20,Raqueta,Deportes,1,226.05,226.05,2026-02-10,Tarjeta,Completada,False
482,57,23,Manual,Libros,4,97.58,390.32,2026-02-10,Efectivo,Completada,False
502,141,17,Pesas,Deportes,2,575.61,1151.22,2026-02-11,Efectivo,Completada,False
776,167,16,Bicicleta,Deportes,1,188.39,188.39,2026-02-11,Tarjeta,Completada,False
612,179,7,Mesa,Hogar,1,72.35,72.35,2026-02-11,Transferencia,Completada,False
159,193,7,Mesa,Hogar,1,72.35,72.35,2026-02-12,Efectivo,Completada,False
5,77,2,Laptop,Electrónica,1,1138.17,1138.17,2026-02-12,Tarjeta,Completada,False
697,12,19,Balón,Deportes,1,85.13,85.13,2026-02-12,Tarjeta,Completada,False
273,185,19,Balón,Deportes,3,85.13,255.39,2026-02-12,Tarjeta,Completada,True
402,58,8,Silla,Hogar,1,224.5,224.5,2026-02-13,Tarjeta,Completada,False
945,36,2,Laptop,Electrónica,1,1138.17,1138.17,2026-02-13,Tarjeta,Completada,False
632,156,9,Lámpara,Hogar,1,69.9,69.9,2026-02-14,Tarjeta,Completada,False
473,69,8,Silla,Hogar,1,224.5,224.5,2026-02-14,Transferencia,Completada,False
528,137,18,Esterilla,Deportes,2,88.26,176.52,2026-02-14,Efectivo,Completada,False
748,4,11,Camiseta,Ropa,5,172.58,862.9,2026-02-14,Transferencia,Completada,False
434,77,16,Bicicleta,Deportes,2,188.39,376.78,2026-02-15,Efectivo,Cancelada,False
688,102,15,Zapatos,Ropa,2,215.48,430.96,2026-02-15,Efectivo,Completada,False
535,65,17,Pesas,Deportes,2,575.61,1151.22,2026-02-15,Tarjeta,Completada,False
3,101,22,Ensayo,Libros,2,51.35,102.7,2026-02-15,Transferencia,Completada,False
418,42,25,Revista,Libros,1,84.65,84.65,2026-02-15,Efectivo,Completada,False
897,52,4,Auriculares,Electrónica,3,243.49,730.47,2026-02-15,Tarjeta,Completada,False
215,131,8,Silla,Hogar,5,224.5,1122.5,2026-02-15,Efectivo,Completada,False
646,125,4,Auriculares,Electrónica,1,243.49,243.49,2026-02-16,Tarjeta,Completada,True
363,86,13,Vestido,Ropa,1,246.64,246.64,2026-02-17,Transferencia,Completada,False
360,142,14,Chaqueta,Ropa,1,232.47,232.47,2026-02-17,Transferencia,Completada,False
800,181,23,Manual,Libros,1,97.58,97.58,2026-02-17,Tarjeta,Completada,False
906,74,5,Smartwatch,Electrónica,1,1349.05,1349.05,2026-02-17,Tarjeta,Completada,True
66,36,22,Ensayo,Libros,1,51.35,51.35,2026-02-18,Transferencia,Completada,False
635,61,22,Ensayo,Libros,1,51.35,51.35,2026-02-18,Tarjeta,Completada,False
525,140,10,Estantería,Hogar,1,587.01,587.01,2026-02-18,Tarjeta,Completada,False
367,188,10,Estantería,Hogar,2,587.01,1174.02,2026-02-19,Efectivo,Completada,False
538,62,21,Novela,Libros,1,82.64,82.64,2026-02-19,Efectivo,Completada,False
387,160,1,Smartphone,Electrónica,1,995.2,995.2,2026-02-19,Efectivo,Cancelada,False
833,75,5,Smartwatch,Electrónica,1,1349.05,1349.05,2026-02-19,Transferencia,Completada,False
83,191,5,Smartwatch,Electrónica,2,1349.05,2698.1,2026-02-20,Tarjeta,Completada,False
929,49,3,Tablet,Electrónica,1,412.5,412.5,2026-02-20,Efectivo,Pendiente,False
209,62,10,Estantería,Hogar,1,587.01,587.01,2026-02-21,Tarjeta,Completada,True
963,19,18,Esterilla,Deportes,1,88.26,88.26,2026-02-22,Efectivo,Completada,False
122,45,11,Camiseta,Ropa,3,172.58,517.74,2026-02-22,Tarjeta,Cancelada,False
453,72,21,Novela,Libros,3,82.64,247.92,2026-02-23,PayPal,Completada,False
786,124,19,Balón,Deportes,1,85.13,85.13,2026-02-23,Transferencia,Pendiente,True
359,17,5,Smartwatch,Electrónica,1,1349.05,1349.05,2026-02-23,Tarjeta,Completada,False
114,82,6,Sofá,Hogar,1,492.87,492.87,2026-02-23,Efectivo,Completada,False
349,10,18,Esterilla,Deportes,2,88.26,176.52,2026-02-24,Efectivo,Completada,False
844,30,13,Vestido,Ropa,3,246.64,739.92,2026-02-24,Efectivo,Completada,False
